DateKey,CalendarDate,Year,Quarter,Month,Day,Weekday,FiscalYear,FiscalQuarter
20140103,2014-01-03 00:00:00,2014,1,1,3,Friday,2014,1
20140104,2014-01-04 00:00:00,2014,1,1,4,Saturday,2014,1
20140105,2014-01-05 00:00:00,2014,1,1,5,Sunday,2014,1
20140106,2014-01-06 00:00:00,2014,1,1,6,Monday,2014,1
20140107,2014-01-07 00:00:00,2014,1,1,7,Tuesday,2014,1
20140108,2014-01-08 00:00:00,2014,1,1,8,Wednesday,2014,1
20140109,2014-01-09 00:00:00,2014,1,1,9,Thursday,2014,1
20140110,2014-01-10 00:00:00,2014,1,1,10,Friday,2014,1
20140111,2014-01-11 00:00:00,2014,1,1,11,Saturday,2014,1
20140112,2014-01-12 00:00:00,2014,1,1,12,Sunday,2014,1
20140113,2014-01-13 00:00:00,2014,1,1,13,Monday,2014,1
20140114,2014-01-14 00:00:00,2014,1,1,14,Tuesday,2014,1
20140115,2014-01-15 00:00:00,2014,1,1,15,Wednesday,2014,1
20140116,2014-01-16 00:00:00,2014,1,1,16,Thursday,2014,1
20140117,2014-01-17 00:00:00,2014,1,1,17,Friday,2014,1
20140118,2014-01-18 00:00:00,2014,1,1,18,Saturday,2014,1
20140119,2014-01-19 00:00:00,2014,1,1,19,Sunday,2014,1
20140120,2014-01-20 00:00:00,2014,1,1,20,Monday,2014,1
20140121,2014-01-21 00:00:00,2014,1,1,21,Tuesday,2014,1
20140123,2014-01-23 00:00:00,2014,1,1,23,Thursday,2014,1
20140125,2014-01-25 00:00:00,2014,1,1,25,Saturday,2014,1
20140126,2014-01-26 00:00:00,2014,1,1,26,Sunday,2014,1
20140127,2014-01-27 00:00:00,2014,1,1,27,Monday,2014,1
20140128,2014-01-28 00:00:00,2014,1,1,28,Tuesday,2014,1
20140129,2014-01-29 00:00:00,2014,1,1,29,Wednesday,2014,1
20140130,2014-01-30 00:00:00,2014,1,1,30,Thursday,2014,1
20140131,2014-01-31 00:00:00,2014,1,1,31,Friday,2014,1
20140201,2014-02-01 00:00:00,2014,1,2,1,Saturday,2014,1
20140202,2014-02-02 00:00:00,2014,1,2,2,Sunday,2014,1
20140203,2014-02-03 00:00:00,2014,1,2,3,Monday,2014,1
20140204,2014-02-04 00:00:00,2014,1,2,4,Tuesday,2014,1
20140206,2014-02-06 00:00:00,2014,1,2,6,Thursday,2014,1
20140207,2014-02-07 00:00:00,2014,1,2,7,Friday,2014,1
20140208,2014-02-08 00:00:00,2014,1,2,8,Saturday,2014,1
20140209,2014-02-09 00:00:00,2014,1,2,9,Sunday,2014,1
20140210,2014-02-10 00:00:00,2014,1,2,10,Monday,2014,1
20140211,2014-02-11 00:00:00,2014,1,2,11,Tuesday,2014,1
20140212,2014-02-12 00:00:00,2014,1,2,12,Wednesday,2014,1
20140214,2014-02-14 00:00:00,2014,1,2,14,Friday,2014,1
20140215,2014-02-15 00:00:00,2014,1,2,15,Saturday,2014,1
20140216,2014-02-16 00:00:00,2014,1,2,16,Sunday,2014,1
20140217,2014-02-17 00:00:00,2014,1,2,17,Monday,2014,1
20140218,2014-02-18 00:00:00,2014,1,2,18,Tuesday,2014,1
20140219,2014-02-19 00:00:00,2014,1,2,19,Wednesday,2014,1
20140220,2014-02-20 00:00:00,2014,1,2,20,Thursday,2014,1
20140221,2014-02-21 00:00:00,2014,1,2,21,Friday,2014,1
20140222,2014-02-22 00:00:00,2014,1,2,22,Saturday,2014,1
20140223,2014-02-23 00:00:00,2014,1,2,23,Sunday,2014,1
20140224,2014-02-24 00:00:00,2014,1,2,24,Monday,2014,1
20140225,2014-02-25 00:00:00,2014,1,2,25,Tuesday,2014,1
20140226,2014-02-26 00:00:00,2014,1,2,26,Wednesday,2014,1
20140227,2014-02-27 00:00:00,2014,1,2,27,Thursday,2014,1
20140301,2014-03-01 00:00:00,2014,1,3,1,Saturday,2014,1
20140302,2014-03-02 00:00:00,2014,1,3,2,Sunday,2014,1
20140303,2014-03-03 00:00:00,2014,1,3,3,Monday,2014,1
20140304,2014-03-04 00:00:00,2014,1,3,4,Tuesday,2014,1
20140305,2014-03-05 00:00:00,2014,1,3,5,Wednesday,2014,1
20140306,2014-03-06 00:00:00,2014,1,3,6,Thursday,2014,1
20140307,2014-03-07 00:00:00,2014,1,3,7,Friday,2014,1
20140308,2014-03-08 00:00:00,2014,1,3,8,Saturday,2014,1
20140309,2014-03-09 00:00:00,2014,1,3,9,Sunday,2014,1
20140310,2014-03-10 00:00:00,2014,1,3,10,Monday,2014,1
20140311,2014-03-11 00:00:00,2014,1,3,11,Tuesday,2014,1
20140312,2014-03-12 00:00:00,2014,1,3,12,Wednesday,2014,1
20140313,2014-03-13 00:00:00,2014,1,3,13,Thursday,2014,1
20140314,2014-03-14 00:00:00,2014,1,3,14,Friday,2014,1
20140315,2014-03-15 00:00:00,2014,1,3,15,Saturday,2014,1
20140316,2014-03-16 00:00:00,2014,1,3,16,Sunday,2014,1
20140317,2014-03-17 00:00:00,2014,1,3,17,Monday,2014,1
20140318,2014-03-18 00:00:00,2014,1,3,18,Tuesday,2014,1
20140319,2014-03-19 00:00:00,2014,1,3,19,Wednesday,2014,1
20140320,2014-03-20 00:00:00,2014,1,3,20,Thursday,2014,1
20140321,2014-03-21 00:00:00,2014,1,3,21,Friday,2014,1
20140322,2014-03-22 00:00:00,2014,1,3,22,Saturday,2014,1
20140323,2014-03-23 00:00:00,2014,1,3,23,Sunday,2014,1
20140324,2014-03-24 00:00:00,2014,1,3,24,Monday,2014,1
20140325,2014-03-25 00:00:00,2014,1,3,25,Tuesday,2014,1
20140326,2014-03-26 00:00:00,2014,1,3,26,Wednesday,2014,1
20140328,2014-03-28 00:00:00,2014,1,3,28,Friday,2014,1
20140329,2014-03-29 00:00:00,2014,1,3,29,Saturday,2014,1
20140330,2014-03-30 00:00:00,2014,1,3,30,Sunday,2014,1
20140331,2014-03-31 00:00:00,2014,1,3,31,Monday,2014,1
20140401,2014-04-01 00:00:00,2014,2,4,1,Tuesday,2014,2
20140402,2014-04-02 00:00:00,2014,2,4,2,Wednesday,2014,2
20140403,2014-04-03 00:00:00,2014,2,4,3,Thursday,2014,2
20140404,2014-04-04 00:00:00,2014,2,4,4,Friday,2014,2
20140405,2014-04-05 00:00:00,2014,2,4,5,Saturday,2014,2
20140406,2014-04-06 00:00:00,2014,2,4,6,Sunday,2014,2
20140407,2014-04-07 00:00:00,2014,2,4,7,Monday,2014,2
20140408,2014-04-08 00:00:00,2014,2,4,8,Tuesday,2014,2
20140409,2014-04-09 00:00:00,2014,2,4,9,Wednesday,2014,2
20140410,2014-04-10 00:00:00,2014,2,4,10,Thursday,2014,2
20140411,2014-04-11 00:00:00,2014,2,4,11,Friday,2014,2
20140412,2014-04-12 00:00:00,2014,2,4,12,Saturday,2014,2
20140413,2014-04-13 00:00:00,2014,2,4,13,Sunday,2014,2
20140415,2014-04-15 00:00:00,2014,2,4,15,Tuesday,2014,2
20140416,2014-04-16 00:00:00,2014,2,4,16,Wednesday,2014,2
20140417,2014-04-17 00:00:00,2014,2,4,17,Thursday,2014,2
20140418,2014-04-18 00:00:00,2014,2,4,18,Friday,2014,2
20140419,2014-04-19 00:00:00,2014,2,4,19,Saturday,2014,2
20140420,2014-04-20 00:00:00,2014,2,4,20,Sunday,2014,2
20140421,2014-04-21 00:00:00,2014,2,4,21,Monday,2014,2
20140422,2014-04-22 00:00:00,2014,2,4,22,Tuesday,2014,2
20140423,2014-04-23 00:00:00,2014,2,4,23,Wednesday,2014,2
20140424,2014-04-24 00:00:00,2014,2,4,24,Thursday,2014,2
20140425,2014-04-25 00:00:00,2014,2,4,25,Friday,2014,2
20140426,2014-04-26 00:00:00,2014,2,4,26,Saturday,2014,2
20140427,2014-04-27 00:00:00,2014,2,4,27,Sunday,2014,2
20140428,2014-04-28 00:00:00,2014,2,4,28,Monday,2014,2
20140429,2014-04-29 00:00:00,2014,2,4,29,Tuesday,2014,2
20140430,2014-04-30 00:00:00,2014,2,4,30,Wednesday,2014,2
20140501,2014-05-01 00:00:00,2014,2,5,1,Thursday,2014,2
20140502,2014-05-02 00:00:00,2014,2,5,2,Friday,2014,2
20140503,2014-05-03 00:00:00,2014,2,5,3,Saturday,2014,2
20140504,2014-05-04 00:00:00,2014,2,5,4,Sunday,2014,2
20140505,2014-05-05 00:00:00,2014,2,5,5,Monday,2014,2
20140506,2014-05-06 00:00:00,2014,2,5,6,Tuesday,2014,2
20140507,2014-05-07 00:00:00,2014,2,5,7,Wednesday,2014,2
20140508,2014-05-08 00:00:00,2014,2,5,8,Thursday,2014,2
20140509,2014-05-09 00:00:00,2014,2,5,9,Friday,2014,2
20140510,2014-05-10 00:00:00,2014,2,5,10,Saturday,2014,2
20140511,2014-05-11 00:00:00,2014,2,5,11,Sunday,2014,2
20140512,2014-05-12 00:00:00,2014,2,5,12,Monday,2014,2
20140513,2014-05-13 00:00:00,2014,2,5,13,Tuesday,2014,2
20140514,2014-05-14 00:00:00,2014,2,5,14,Wednesday,2014,2
20140515,2014-05-15 00:00:00,2014,2,5,15,Thursday,2014,2
20140516,2014-05-16 00:00:00,2014,2,5,16,Friday,2014,2
20140517,2014-05-17 00:00:00,2014,2,5,17,Saturday,2014,2
20140518,2014-05-18 00:00:00,2014,2,5,18,Sunday,2014,2
20140519,2014-05-19 00:00:00,2014,2,5,19,Monday,2014,2
20140520,2014-05-20 00:00:00,2014,2,5,20,Tuesday,2014,2
20140521,2014-05-21 00:00:00,2014,2,5,21,Wednesday,2014,2
20140522,2014-05-22 00:00:00,2014,2,5,22,Thursday,2014,2
20140523,2014-05-23 00:00:00,2014,2,5,23,Friday,2014,2
20140524,2014-05-24 00:00:00,2014,2,5,24,Saturday,2014,2
20140525,2014-05-25 00:00:00,2014,2,5,25,Sunday,2014,2
20140526,2014-05-26 00:00:00,2014,2,5,26,Monday,2014,2
20140527,2014-05-27 00:00:00,2014,2,5,27,Tuesday,2014,2
20140528,2014-05-28 00:00:00,2014,2,5,28,Wednesday,2014,2
20140529,2014-05-29 00:00:00,2014,2,5,29,Thursday,2014,2
20140530,2014-05-30 00:00:00,2014,2,5,30,Friday,2014,2
20140531,2014-05-31 00:00:00,2014,2,5,31,Saturday,2014,2
20140601,2014-06-01 00:00:00,2014,2,6,1,Sunday,2014,2
20140602,2014-06-02 00:00:00,2014,2,6,2,Monday,2014,2
20140603,2014-06-03 00:00:00,2014,2,6,3,Tuesday,2014,2
20140604,2014-06-04 00:00:00,2014,2,6,4,Wednesday,2014,2
20140605,2014-06-05 00:00:00,2014,2,6,5,Thursday,2014,2
20140606,2014-06-06 00:00:00,2014,2,6,6,Friday,2014,2
20140607,2014-06-07 00:00:00,2014,2,6,7,Saturday,2014,2
20140608,2014-06-08 00:00:00,2014,2,6,8,Sunday,2014,2
20140609,2014-06-09 00:00:00,2014,2,6,9,Monday,2014,2
20140610,2014-06-10 00:00:00,2014,2,6,10,Tuesday,2014,2
20140611,2014-06-11 00:00:00,2014,2,6,11,Wednesday,2014,2
20140612,2014-06-12 00:00:00,2014,2,6,12,Thursday,2014,2
20140613,2014-06-13 00:00:00,2014,2,6,13,Friday,2014,2
20140614,2014-06-14 00:00:00,2014,2,6,14,Saturday,2014,2
20140615,2014-06-15 00:00:00,2014,2,6,15,Sunday,2014,2
20140616,2014-06-16 00:00:00,2014,2,6,16,Monday,2014,2
20140617,2014-06-17 00:00:00,2014,2,6,17,Tuesday,2014,2
20140618,2014-06-18 00:00:00,2014,2,6,18,Wednesday,2014,2
20140620,2014-06-20 00:00:00,2014,2,6,20,Friday,2014,2
20140621,2014-06-21 00:00:00,2014,2,6,21,Saturday,2014,2
20140622,2014-06-22 00:00:00,2014,2,6,22,Sunday,2014,2
20140623,2014-06-23 00:00:00,2014,2,6,23,Monday,2014,2
20140624,2014-06-24 00:00:00,2014,2,6,24,Tuesday,2014,2
20140625,2014-06-25 00:00:00,2014,2,6,25,Wednesday,2014,2
20140626,2014-06-26 00:00:00,2014,2,6,26,Thursday,2014,2
20140627,2014-06-27 00:00:00,2014,2,6,27,Friday,2014,2
20140628,2014-06-28 00:00:00,2014,2,6,28,Saturday,2014,2
20140629,2014-06-29 00:00:00,2014,2,6,29,Sunday,2014,2
20140630,2014-06-30 00:00:00,2014,2,6,30,Monday,2014,2
20140701,2014-07-01 00:00:00,2014,3,7,1,Tuesday,2014,3
20140702,2014-07-02 00:00:00,2014,3,7,2,Wednesday,2014,3
20140703,2014-07-03 00:00:00,2014,3,7,3,Thursday,2014,3
20140704,2014-07-04 00:00:00,2014,3,7,4,Friday,2014,3
20140705,2014-07-05 00:00:00,2014,3,7,5,Saturday,2014,3
20140706,2014-07-06 00:00:00,2014,3,7,6,Sunday,2014,3
20140707,2014-07-07 00:00:00,2014,3,7,7,Monday,2014,3
20140708,2014-07-08 00:00:00,2014,3,7,8,Tuesday,2014,3
20140709,2014-07-09 00:00:00,2014,3,7,9,Wednesday,2014,3
20140710,2014-07-10 00:00:00,2014,3,7,10,Thursday,2014,3
20140711,2014-07-11 00:00:00,2014,3,7,11,Friday,2014,3
20140712,2014-07-12 00:00:00,2014,3,7,12,Saturday,2014,3
20140713,2014-07-13 00:00:00,2014,3,7,13,Sunday,2014,3
20140714,2014-07-14 00:00:00,2014,3,7,14,Monday,2014,3
20140715,2014-07-15 00:00:00,2014,3,7,15,Tuesday,2014,3
20140716,2014-07-16 00:00:00,2014,3,7,16,Wednesday,2014,3
20140717,2014-07-17 00:00:00,2014,3,7,17,Thursday,2014,3
20140718,2014-07-18 00:00:00,2014,3,7,18,Friday,2014,3
20140719,2014-07-19 00:00:00,2014,3,7,19,Saturday,2014,3
20140720,2014-07-20 00:00:00,2014,3,7,20,Sunday,2014,3
20140721,2014-07-21 00:00:00,2014,3,7,21,Monday,2014,3
20140722,2014-07-22 00:00:00,2014,3,7,22,Tuesday,2014,3
20140723,2014-07-23 00:00:00,2014,3,7,23,Wednesday,2014,3
20140724,2014-07-24 00:00:00,2014,3,7,24,Thursday,2014,3
20140725,2014-07-25 00:00:00,2014,3,7,25,Friday,2014,3
20140726,2014-07-26 00:00:00,2014,3,7,26,Saturday,2014,3
20140727,2014-07-27 00:00:00,2014,3,7,27,Sunday,2014,3
20140728,2014-07-28 00:00:00,2014,3,7,28,Monday,2014,3
20140729,2014-07-29 00:00:00,2014,3,7,29,Tuesday,2014,3
20140730,2014-07-30 00:00:00,2014,3,7,30,Wednesday,2014,3
20140801,2014-08-01 00:00:00,2014,3,8,1,Friday,2014,3
20140802,2014-08-02 00:00:00,2014,3,8,2,Saturday,2014,3
20140803,2014-08-03 00:00:00,2014,3,8,3,Sunday,2014,3
20140804,2014-08-04 00:00:00,2014,3,8,4,Monday,2014,3
20140805,2014-08-05 00:00:00,2014,3,8,5,Tuesday,2014,3
20140806,2014-08-06 00:00:00,2014,3,8,6,Wednesday,2014,3
20140807,2014-08-07 00:00:00,2014,3,8,7,Thursday,2014,3
20140808,2014-08-08 00:00:00,2014,3,8,8,Friday,2014,3
20140809,2014-08-09 00:00:00,2014,3,8,9,Saturday,2014,3
20140810,2014-08-10 00:00:00,2014,3,8,10,Sunday,2014,3
20140811,2014-08-11 00:00:00,2014,3,8,11,Monday,2014,3
20140812,2014-08-12 00:00:00,2014,3,8,12,Tuesday,2014,3
20140813,2014-08-13 00:00:00,2014,3,8,13,Wednesday,2014,3
20140814,2014-08-14 00:00:00,2014,3,8,14,Thursday,2014,3
20140815,2014-08-15 00:00:00,2014,3,8,15,Friday,2014,3
20140816,2014-08-16 00:00:00,2014,3,8,16,Saturday,2014,3
20140817,2014-08-17 00:00:00,2014,3,8,17,Sunday,2014,3
20140818,2014-08-18 00:00:00,2014,3,8,18,Monday,2014,3
20140819,2014-08-19 00:00:00,2014,3,8,19,Tuesday,2014,3
20140820,2014-08-20 00:00:00,2014,3,8,20,Wednesday,2014,3
20140821,2014-08-21 00:00:00,2014,3,8,21,Thursday,2014,3
20140822,2014-08-22 00:00:00,2014,3,8,22,Friday,2014,3
20140823,2014-08-23 00:00:00,2014,3,8,23,Saturday,2014,3
20140824,2014-08-24 00:00:00,2014,3,8,24,Sunday,2014,3
20140825,2014-08-25 00:00:00,2014,3,8,25,Monday,2014,3
20140826,2014-08-26 00:00:00,2014,3,8,26,Tuesday,2014,3
20140827,2014-08-27 00:00:00,2014,3,8,27,Wednesday,2014,3
20140828,2014-08-28 00:00:00,2014,3,8,28,Thursday,2014,3
20140829,2014-08-29 00:00:00,2014,3,8,29,Friday,2014,3
20140830,2014-08-30 00:00:00,2014,3,8,30,Saturday,2014,3
20140831,2014-08-31 00:00:00,2014,3,8,31,Sunday,2014,3
20140901,2014-09-01 00:00:00,2014,3,9,1,Monday,2014,3
20140902,2014-09-02 00:00:00,2014,3,9,2,Tuesday,2014,3
20140903,2014-09-03 00:00:00,2014,3,9,3,Wednesday,2014,3
20140904,2014-09-04 00:00:00,2014,3,9,4,Thursday,2014,3
20140905,2014-09-05 00:00:00,2014,3,9,5,Friday,2014,3
20140906,2014-09-06 00:00:00,2014,3,9,6,Saturday,2014,3
20140907,2014-09-07 00:00:00,2014,3,9,7,Sunday,2014,3
20140908,2014-09-08 00:00:00,2014,3,9,8,Monday,2014,3
20140909,2014-09-09 00:00:00,2014,3,9,9,Tuesday,2014,3
20140910,2014-09-10 00:00:00,2014,3,9,10,Wednesday,2014,3
20140911,2014-09-11 00:00:00,2014,3,9,11,Thursday,2014,3
20140912,2014-09-12 00:00:00,2014,3,9,12,Friday,2014,3
20140913,2014-09-13 00:00:00,2014,3,9,13,Saturday,2014,3
20140914,2014-09-14 00:00:00,2014,3,9,14,Sunday,2014,3
20140915,2014-09-15 00:00:00,2014,3,9,15,Monday,2014,3
20140916,2014-09-16 00:00:00,2014,3,9,16,Tuesday,2014,3
20140917,2014-09-17 00:00:00,2014,3,9,17,Wednesday,2014,3
20140918,2014-09-18 00:00:00,2014,3,9,18,Thursday,2014,3
20140919,2014-09-19 00:00:00,2014,3,9,19,Friday,2014,3
20140920,2014-09-20 00:00:00,2014,3,9,20,Saturday,2014,3
20140921,2014-09-21 00:00:00,2014,3,9,21,Sunday,2014,3
20140922,2014-09-22 00:00:00,2014,3,9,22,Monday,2014,3
20140923,2014-09-23 00:00:00,2014,3,9,23,Tuesday,2014,3
20140924,2014-09-24 00:00:00,2014,3,9,24,Wednesday,2014,3
20140925,2014-09-25 00:00:00,2014,3,9,25,Thursday,2014,3
20140926,2014-09-26 00:00:00,2014,3,9,26,Friday,2014,3
20140927,2014-09-27 00:00:00,2014,3,9,27,Saturday,2014,3
20140928,2014-09-28 00:00:00,2014,3,9,28,Sunday,2014,3
20140929,2014-09-29 00:00:00,2014,3,9,29,Monday,2014,3
20140930,2014-09-30 00:00:00,2014,3,9,30,Tuesday,2014,3
20141001,2014-10-01 00:00:00,2014,4,10,1,Wednesday,2014,4
20141002,2014-10-02 00:00:00,2014,4,10,2,Thursday,2014,4
20141003,2014-10-03 00:00:00,2014,4,10,3,Friday,2014,4
20141004,2014-10-04 00:00:00,2014,4,10,4,Saturday,2014,4
20141005,2014-10-05 00:00:00,2014,4,10,5,Sunday,2014,4
20141006,2014-10-06 00:00:00,2014,4,10,6,Monday,2014,4
20141007,2014-10-07 00:00:00,2014,4,10,7,Tuesday,2014,4
20141008,2014-10-08 00:00:00,2014,4,10,8,Wednesday,2014,4
20141009,2014-10-09 00:00:00,2014,4,10,9,Thursday,2014,4
20141010,2014-10-10 00:00:00,2014,4,10,10,Friday,2014,4
20141011,2014-10-11 00:00:00,2014,4,10,11,Saturday,2014,4
20141012,2014-10-12 00:00:00,2014,4,10,12,Sunday,2014,4
20141013,2014-10-13 00:00:00,2014,4,10,13,Monday,2014,4
20141014,2014-10-14 00:00:00,2014,4,10,14,Tuesday,2014,4
20141015,2014-10-15 00:00:00,2014,4,10,15,Wednesday,2014,4
20141016,2014-10-16 00:00:00,2014,4,10,16,Thursday,2014,4
20141017,2014-10-17 00:00:00,2014,4,10,17,Friday,2014,4
20141018,2014-10-18 00:00:00,2014,4,10,18,Saturday,2014,4
20141019,2014-10-19 00:00:00,2014,4,10,19,Sunday,2014,4
20141020,2014-10-20 00:00:00,2014,4,10,20,Monday,2014,4
20141021,2014-10-21 00:00:00,2014,4,10,21,Tuesday,2014,4
20141022,2014-10-22 00:00:00,2014,4,10,22,Wednesday,2014,4
20141023,2014-10-23 00:00:00,2014,4,10,23,Thursday,2014,4
20141024,2014-10-24 00:00:00,2014,4,10,24,Friday,2014,4
20141025,2014-10-25 00:00:00,2014,4,10,25,Saturday,2014,4
20141026,2014-10-26 00:00:00,2014,4,10,26,Sunday,2014,4
20141027,2014-10-27 00:00:00,2014,4,10,27,Monday,2014,4
20141028,2014-10-28 00:00:00,2014,4,10,28,Tuesday,2014,4
20141029,2014-10-29 00:00:00,2014,4,10,29,Wednesday,2014,4
20141030,2014-10-30 00:00:00,2014,4,10,30,Thursday,2014,4
20141031,2014-10-31 00:00:00,2014,4,10,31,Friday,2014,4
20141101,2014-11-01 00:00:00,2014,4,11,1,Saturday,2014,4
20141102,2014-11-02 00:00:00,2014,4,11,2,Sunday,2014,4
20141103,2014-11-03 00:00:00,2014,4,11,3,Monday,2014,4
20141104,2014-11-04 00:00:00,2014,4,11,4,Tuesday,2014,4
20141105,2014-11-05 00:00:00,2014,4,11,5,Wednesday,2014,4
20141106,2014-11-06 00:00:00,2014,4,11,6,Thursday,2014,4
20141107,2014-11-07 00:00:00,2014,4,11,7,Friday,2014,4
20141108,2014-11-08 00:00:00,2014,4,11,8,Saturday,2014,4
20141109,2014-11-09 00:00:00,2014,4,11,9,Sunday,2014,4
20141110,2014-11-10 00:00:00,2014,4,11,10,Monday,2014,4
20141111,2014-11-11 00:00:00,2014,4,11,11,Tuesday,2014,4
20141112,2014-11-12 00:00:00,2014,4,11,12,Wednesday,2014,4
20141113,2014-11-13 00:00:00,2014,4,11,13,Thursday,2014,4
20141114,2014-11-14 00:00:00,2014,4,11,14,Friday,2014,4
20141115,2014-11-15 00:00:00,2014,4,11,15,Saturday,2014,4
20141116,2014-11-16 00:00:00,2014,4,11,16,Sunday,2014,4
20141117,2014-11-17 00:00:00,2014,4,11,17,Monday,2014,4
20141118,2014-11-18 00:00:00,2014,4,11,18,Tuesday,2014,4
20141119,2014-11-19 00:00:00,2014,4,11,19,Wednesday,2014,4
20141120,2014-11-20 00:00:00,2014,4,11,20,Thursday,2014,4
20141121,2014-11-21 00:00:00,2014,4,11,21,Friday,2014,4
20141122,2014-11-22 00:00:00,2014,4,11,22,Saturday,2014,4
20141123,2014-11-23 00:00:00,2014,4,11,23,Sunday,2014,4
20141124,2014-11-24 00:00:00,2014,4,11,24,Monday,2014,4
20141125,2014-11-25 00:00:00,2014,4,11,25,Tuesday,2014,4
20141126,2014-11-26 00:00:00,2014,4,11,26,Wednesday,2014,4
20141127,2014-11-27 00:00:00,2014,4,11,27,Thursday,2014,4
20141128,2014-11-28 00:00:00,2014,4,11,28,Friday,2014,4
20141129,2014-11-29 00:00:00,2014,4,11,29,Saturday,2014,4
20141130,2014-11-30 00:00:00,2014,4,11,30,Sunday,2014,4
20141201,2014-12-01 00:00:00,2014,4,12,1,Monday,2014,4
20141202,2014-12-02 00:00:00,2014,4,12,2,Tuesday,2014,4
20141203,2014-12-03 00:00:00,2014,4,12,3,Wednesday,2014,4
20141204,2014-12-04 00:00:00,2014,4,12,4,Thursday,2014,4
20141205,2014-12-05 00:00:00,2014,4,12,5,Friday,2014,4
20141206,2014-12-06 00:00:00,2014,4,12,6,Saturday,2014,4
20141207,2014-12-07 00:00:00,2014,4,12,7,Sunday,2014,4
20141208,2014-12-08 00:00:00,2014,4,12,8,Monday,2014,4
20141209,2014-12-09 00:00:00,2014,4,12,9,Tuesday,2014,4
20141210,2014-12-10 00:00:00,2014,4,12,10,Wednesday,2014,4
20141211,2014-12-11 00:00:00,2014,4,12,11,Thursday,2014,4
20141212,2014-12-12 00:00:00,2014,4,12,12,Friday,2014,4
20141213,2014-12-13 00:00:00,2014,4,12,13,Saturday,2014,4
20141214,2014-12-14 00:00:00,2014,4,12,14,Sunday,2014,4
20141215,2014-12-15 00:00:00,2014,4,12,15,Monday,2014,4
20141216,2014-12-16 00:00:00,2014,4,12,16,Tuesday,2014,4
20141217,2014-12-17 00:00:00,2014,4,12,17,Wednesday,2014,4
20141218,2014-12-18 00:00:00,2014,4,12,18,Thursday,2014,4
20141219,2014-12-19 00:00:00,2014,4,12,19,Friday,2014,4
20141220,2014-12-20 00:00:00,2014,4,12,20,Saturday,2014,4
20141221,2014-12-21 00:00:00,2014,4,12,21,Sunday,2014,4
20141222,2014-12-22 00:00:00,2014,4,12,22,Monday,2014,4
20141223,2014-12-23 00:00:00,2014,4,12,23,Tuesday,2014,4
20141224,2014-12-24 00:00:00,2014,4,12,24,Wednesday,2014,4
20141225,2014-12-25 00:00:00,2014,4,12,25,Thursday,2014,4
20141226,2014-12-26 00:00:00,2014,4,12,26,Friday,2014,4
20141227,2014-12-27 00:00:00,2014,4,12,27,Saturday,2014,4
20141228,2014-12-28 00:00:00,2014,4,12,28,Sunday,2014,4
20141229,2014-12-29 00:00:00,2014,4,12,29,Monday,2014,4
20141230,2014-12-30 00:00:00,2014,4,12,30,Tuesday,2014,4
20141231,2014-12-31 00:00:00,2014,4,12,31,Wednesday,2014,4
20150101,2015-01-01 00:00:00,2015,1,1,1,Thursday,2015,1
20150102,2015-01-02 00:00:00,2015,1,1,2,Friday,2015,1
20150103,2015-01-03 00:00:00,2015,1,1,3,Saturday,2015,1
20150104,2015-01-04 00:00:00,2015,1,1,4,Sunday,2015,1
20150105,2015-01-05 00:00:00,2015,1,1,5,Monday,2015,1
20150106,2015-01-06 00:00:00,2015,1,1,6,Tuesday,2015,1
20150107,2015-01-07 00:00:00,2015,1,1,7,Wednesday,2015,1
20150108,2015-01-08 00:00:00,2015,1,1,8,Thursday,2015,1
20150109,2015-01-09 00:00:00,2015,1,1,9,Friday,2015,1
20150110,2015-01-10 00:00:00,2015,1,1,10,Saturday,2015,1
20150112,2015-01-12 00:00:00,2015,1,1,12,Monday,2015,1
20150113,2015-01-13 00:00:00,2015,1,1,13,Tuesday,2015,1
20150115,2015-01-15 00:00:00,2015,1,1,15,Thursday,2015,1
20150117,2015-01-17 00:00:00,2015,1,1,17,Saturday,2015,1
20150118,2015-01-18 00:00:00,2015,1,1,18,Sunday,2015,1
20150119,2015-01-19 00:00:00,2015,1,1,19,Monday,2015,1
20150122,2015-01-22 00:00:00,2015,1,1,22,Thursday,2015,1
20150123,2015-01-23 00:00:00,2015,1,1,23,Friday,2015,1
20150124,2015-01-24 00:00:00,2015,1,1,24,Saturday,2015,1
20150126,2015-01-26 00:00:00,2015,1,1,26,Monday,2015,1
20150127,2015-01-27 00:00:00,2015,1,1,27,Tuesday,2015,1
20150128,2015-01-28 00:00:00,2015,1,1,28,Wednesday,2015,1
20150129,2015-01-29 00:00:00,2015,1,1,29,Thursday,2015,1
20150130,2015-01-30 00:00:00,2015,1,1,30,Friday,2015,1
20150131,2015-01-31 00:00:00,2015,1,1,31,Saturday,2015,1
20150201,2015-02-01 00:00:00,2015,1,2,1,Sunday,2015,1
20150203,2015-02-03 00:00:00,2015,1,2,3,Tuesday,2015,1
20150204,2015-02-04 00:00:00,2015,1,2,4,Wednesday,2015,1
20150205,2015-02-05 00:00:00,2015,1,2,5,Thursday,2015,1
20150206,2015-02-06 00:00:00,2015,1,2,6,Friday,2015,1
20150207,2015-02-07 00:00:00,2015,1,2,7,Saturday,2015,1
20150208,2015-02-08 00:00:00,2015,1,2,8,Sunday,2015,1
20150209,2015-02-09 00:00:00,2015,1,2,9,Monday,2015,1
20150210,2015-02-10 00:00:00,2015,1,2,10,Tuesday,2015,1
20150211,2015-02-11 00:00:00,2015,1,2,11,Wednesday,2015,1
20150213,2015-02-13 00:00:00,2015,1,2,13,Friday,2015,1
20150214,2015-02-14 00:00:00,2015,1,2,14,Saturday,2015,1
20150215,2015-02-15 00:00:00,2015,1,2,15,Sunday,2015,1
20150216,2015-02-16 00:00:00,2015,1,2,16,Monday,2015,1
20150218,2015-02-18 00:00:00,2015,1,2,18,Wednesday,2015,1
20150219,2015-02-19 00:00:00,2015,1,2,19,Thursday,2015,1
20150220,2015-02-20 00:00:00,2015,1,2,20,Friday,2015,1
20150221,2015-02-21 00:00:00,2015,1,2,21,Saturday,2015,1
20150222,2015-02-22 00:00:00,2015,1,2,22,Sunday,2015,1
20150223,2015-02-23 00:00:00,2015,1,2,23,Monday,2015,1
20150224,2015-02-24 00:00:00,2015,1,2,24,Tuesday,2015,1
20150225,2015-02-25 00:00:00,2015,1,2,25,Wednesday,2015,1
20150227,2015-02-27 00:00:00,2015,1,2,27,Friday,2015,1
20150228,2015-02-28 00:00:00,2015,1,2,28,Saturday,2015,1
20150301,2015-03-01 00:00:00,2015,1,3,1,Sunday,2015,1
20150302,2015-03-02 00:00:00,2015,1,3,2,Monday,2015,1
20150303,2015-03-03 00:00:00,2015,1,3,3,Tuesday,2015,1
20150304,2015-03-04 00:00:00,2015,1,3,4,Wednesday,2015,1
20150305,2015-03-05 00:00:00,2015,1,3,5,Thursday,2015,1
20150306,2015-03-06 00:00:00,2015,1,3,6,Friday,2015,1
20150307,2015-03-07 00:00:00,2015,1,3,7,Saturday,2015,1
20150308,2015-03-08 00:00:00,2015,1,3,8,Sunday,2015,1
20150309,2015-03-09 00:00:00,2015,1,3,9,Monday,2015,1
20150310,2015-03-10 00:00:00,2015,1,3,10,Tuesday,2015,1
20150311,2015-03-11 00:00:00,2015,1,3,11,Wednesday,2015,1
20150312,2015-03-12 00:00:00,2015,1,3,12,Thursday,2015,1
20150313,2015-03-13 00:00:00,2015,1,3,13,Friday,2015,1
20150314,2015-03-14 00:00:00,2015,1,3,14,Saturday,2015,1
20150315,2015-03-15 00:00:00,2015,1,3,15,Sunday,2015,1
20150316,2015-03-16 00:00:00,2015,1,3,16,Monday,2015,1
20150317,2015-03-17 00:00:00,2015,1,3,17,Tuesday,2015,1
20150318,2015-03-18 00:00:00,2015,1,3,18,Wednesday,2015,1
20150319,2015-03-19 00:00:00,2015,1,3,19,Thursday,2015,1
20150320,2015-03-20 00:00:00,2015,1,3,20,Friday,2015,1
20150321,2015-03-21 00:00:00,2015,1,3,21,Saturday,2015,1
20150322,2015-03-22 00:00:00,2015,1,3,22,Sunday,2015,1
20150323,2015-03-23 00:00:00,2015,1,3,23,Monday,2015,1
20150324,2015-03-24 00:00:00,2015,1,3,24,Tuesday,2015,1
20150325,2015-03-25 00:00:00,2015,1,3,25,Wednesday,2015,1
20150326,2015-03-26 00:00:00,2015,1,3,26,Thursday,2015,1
20150327,2015-03-27 00:00:00,2015,1,3,27,Friday,2015,1
20150328,2015-03-28 00:00:00,2015,1,3,28,Saturday,2015,1
20150329,2015-03-29 00:00:00,2015,1,3,29,Sunday,2015,1
20150330,2015-03-30 00:00:00,2015,1,3,30,Monday,2015,1
20150331,2015-03-31 00:00:00,2015,1,3,31,Tuesday,2015,1
20150402,2015-04-02 00:00:00,2015,2,4,2,Thursday,2015,2
20150403,2015-04-03 00:00:00,2015,2,4,3,Friday,2015,2
20150404,2015-04-04 00:00:00,2015,2,4,4,Saturday,2015,2
20150405,2015-04-05 00:00:00,2015,2,4,5,Sunday,2015,2
20150406,2015-04-06 00:00:00,2015,2,4,6,Monday,2015,2
20150407,2015-04-07 00:00:00,2015,2,4,7,Tuesday,2015,2
20150408,2015-04-08 00:00:00,2015,2,4,8,Wednesday,2015,2
20150409,2015-04-09 00:00:00,2015,2,4,9,Thursday,2015,2
20150410,2015-04-10 00:00:00,2015,2,4,10,Friday,2015,2
20150411,2015-04-11 00:00:00,2015,2,4,11,Saturday,2015,2
20150412,2015-04-12 00:00:00,2015,2,4,12,Sunday,2015,2
20150413,2015-04-13 00:00:00,2015,2,4,13,Monday,2015,2
20150414,2015-04-14 00:00:00,2015,2,4,14,Tuesday,2015,2
20150415,2015-04-15 00:00:00,2015,2,4,15,Wednesday,2015,2
20150416,2015-04-16 00:00:00,2015,2,4,16,Thursday,2015,2
20150417,2015-04-17 00:00:00,2015,2,4,17,Friday,2015,2
20150418,2015-04-18 00:00:00,2015,2,4,18,Saturday,2015,2
20150419,2015-04-19 00:00:00,2015,2,4,19,Sunday,2015,2
20150420,2015-04-20 00:00:00,2015,2,4,20,Monday,2015,2
20150421,2015-04-21 00:00:00,2015,2,4,21,Tuesday,2015,2
20150422,2015-04-22 00:00:00,2015,2,4,22,Wednesday,2015,2
20150423,2015-04-23 00:00:00,2015,2,4,23,Thursday,2015,2
20150424,2015-04-24 00:00:00,2015,2,4,24,Friday,2015,2
20150425,2015-04-25 00:00:00,2015,2,4,25,Saturday,2015,2
20150426,2015-04-26 00:00:00,2015,2,4,26,Sunday,2015,2
20150427,2015-04-27 00:00:00,2015,2,4,27,Monday,2015,2
20150428,2015-04-28 00:00:00,2015,2,4,28,Tuesday,2015,2
20150429,2015-04-29 00:00:00,2015,2,4,29,Wednesday,2015,2
20150430,2015-04-30 00:00:00,2015,2,4,30,Thursday,2015,2
20150501,2015-05-01 00:00:00,2015,2,5,1,Friday,2015,2
20150502,2015-05-02 00:00:00,2015,2,5,2,Saturday,2015,2
20150503,2015-05-03 00:00:00,2015,2,5,3,Sunday,2015,2
20150504,2015-05-04 00:00:00,2015,2,5,4,Monday,2015,2
20150505,2015-05-05 00:00:00,2015,2,5,5,Tuesday,2015,2
20150506,2015-05-06 00:00:00,2015,2,5,6,Wednesday,2015,2
20150507,2015-05-07 00:00:00,2015,2,5,7,Thursday,2015,2
20150508,2015-05-08 00:00:00,2015,2,5,8,Friday,2015,2
20150509,2015-05-09 00:00:00,2015,2,5,9,Saturday,2015,2
20150510,2015-05-10 00:00:00,2015,2,5,10,Sunday,2015,2
20150511,2015-05-11 00:00:00,2015,2,5,11,Monday,2015,2
20150512,2015-05-12 00:00:00,2015,2,5,12,Tuesday,2015,2
20150513,2015-05-13 00:00:00,2015,2,5,13,Wednesday,2015,2
20150514,2015-05-14 00:00:00,2015,2,5,14,Thursday,2015,2
20150515,2015-05-15 00:00:00,2015,2,5,15,Friday,2015,2
20150516,2015-05-16 00:00:00,2015,2,5,16,Saturday,2015,2
20150517,2015-05-17 00:00:00,2015,2,5,17,Sunday,2015,2
20150518,2015-05-18 00:00:00,2015,2,5,18,Monday,2015,2
20150519,2015-05-19 00:00:00,2015,2,5,19,Tuesday,2015,2
20150520,2015-05-20 00:00:00,2015,2,5,20,Wednesday,2015,2
20150521,2015-05-21 00:00:00,2015,2,5,21,Thursday,2015,2
20150522,2015-05-22 00:00:00,2015,2,5,22,Friday,2015,2
20150523,2015-05-23 00:00:00,2015,2,5,23,Saturday,2015,2
20150524,2015-05-24 00:00:00,2015,2,5,24,Sunday,2015,2
20150525,2015-05-25 00:00:00,2015,2,5,25,Monday,2015,2
20150526,2015-05-26 00:00:00,2015,2,5,26,Tuesday,2015,2
20150527,2015-05-27 00:00:00,2015,2,5,27,Wednesday,2015,2
20150528,2015-05-28 00:00:00,2015,2,5,28,Thursday,2015,2
20150529,2015-05-29 00:00:00,2015,2,5,29,Friday,2015,2
20150530,2015-05-30 00:00:00,2015,2,5,30,Saturday,2015,2
20150531,2015-05-31 00:00:00,2015,2,5,31,Sunday,2015,2
20150601,2015-06-01 00:00:00,2015,2,6,1,Monday,2015,2
20150602,2015-06-02 00:00:00,2015,2,6,2,Tuesday,2015,2
20150603,2015-06-03 00:00:00,2015,2,6,3,Wednesday,2015,2
20150604,2015-06-04 00:00:00,2015,2,6,4,Thursday,2015,2
20150605,2015-06-05 00:00:00,2015,2,6,5,Friday,2015,2
20150607,2015-06-07 00:00:00,2015,2,6,7,Sunday,2015,2
20150608,2015-06-08 00:00:00,2015,2,6,8,Monday,2015,2
20150609,2015-06-09 00:00:00,2015,2,6,9,Tuesday,2015,2
20150610,2015-06-10 00:00:00,2015,2,6,10,Wednesday,2015,2
20150611,2015-06-11 00:00:00,2015,2,6,11,Thursday,2015,2
20150612,2015-06-12 00:00:00,2015,2,6,12,Friday,2015,2
20150613,2015-06-13 00:00:00,2015,2,6,13,Saturday,2015,2
20150614,2015-06-14 00:00:00,2015,2,6,14,Sunday,2015,2
20150615,2015-06-15 00:00:00,2015,2,6,15,Monday,2015,2
20150616,2015-06-16 00:00:00,2015,2,6,16,Tuesday,2015,2
20150617,2015-06-17 00:00:00,2015,2,6,17,Wednesday,2015,2
20150618,2015-06-18 00:00:00,2015,2,6,18,Thursday,2015,2
20150619,2015-06-19 00:00:00,2015,2,6,19,Friday,2015,2
20150620,2015-06-20 00:00:00,2015,2,6,20,Saturday,2015,2
20150621,2015-06-21 00:00:00,2015,2,6,21,Sunday,2015,2
20150622,2015-06-22 00:00:00,2015,2,6,22,Monday,2015,2
20150623,2015-06-23 00:00:00,2015,2,6,23,Tuesday,2015,2
20150624,2015-06-24 00:00:00,2015,2,6,24,Wednesday,2015,2
20150625,2015-06-25 00:00:00,2015,2,6,25,Thursday,2015,2
20150626,2015-06-26 00:00:00,2015,2,6,26,Friday,2015,2
20150627,2015-06-27 00:00:00,2015,2,6,27,Saturday,2015,2
20150628,2015-06-28 00:00:00,2015,2,6,28,Sunday,2015,2
20150629,2015-06-29 00:00:00,2015,2,6,29,Monday,2015,2
20150630,2015-06-30 00:00:00,2015,2,6,30,Tuesday,2015,2
20150701,2015-07-01 00:00:00,2015,3,7,1,Wednesday,2015,3
20150702,2015-07-02 00:00:00,2015,3,7,2,Thursday,2015,3
20150703,2015-07-03 00:00:00,2015,3,7,3,Friday,2015,3
20150704,2015-07-04 00:00:00,2015,3,7,4,Saturday,2015,3
20150705,2015-07-05 00:00:00,2015,3,7,5,Sunday,2015,3
20150706,2015-07-06 00:00:00,2015,3,7,6,Monday,2015,3
20150708,2015-07-08 00:00:00,2015,3,7,8,Wednesday,2015,3
20150709,2015-07-09 00:00:00,2015,3,7,9,Thursday,2015,3
20150710,2015-07-10 00:00:00,2015,3,7,10,Friday,2015,3
20150711,2015-07-11 00:00:00,2015,3,7,11,Saturday,2015,3
20150712,2015-07-12 00:00:00,2015,3,7,12,Sunday,2015,3
20150713,2015-07-13 00:00:00,2015,3,7,13,Monday,2015,3
20150714,2015-07-14 00:00:00,2015,3,7,14,Tuesday,2015,3
20150715,2015-07-15 00:00:00,2015,3,7,15,Wednesday,2015,3
20150716,2015-07-16 00:00:00,2015,3,7,16,Thursday,2015,3
20150717,2015-07-17 00:00:00,2015,3,7,17,Friday,2015,3
20150718,2015-07-18 00:00:00,2015,3,7,18,Saturday,2015,3
20150719,2015-07-19 00:00:00,2015,3,7,19,Sunday,2015,3
20150720,2015-07-20 00:00:00,2015,3,7,20,Monday,2015,3
20150721,2015-07-21 00:00:00,2015,3,7,21,Tuesday,2015,3
20150722,2015-07-22 00:00:00,2015,3,7,22,Wednesday,2015,3
20150723,2015-07-23 00:00:00,2015,3,7,23,Thursday,2015,3
20150724,2015-07-24 00:00:00,2015,3,7,24,Friday,2015,3
20150725,2015-07-25 00:00:00,2015,3,7,25,Saturday,2015,3
20150726,2015-07-26 00:00:00,2015,3,7,26,Sunday,2015,3
20150727,2015-07-27 00:00:00,2015,3,7,27,Monday,2015,3
20150728,2015-07-28 00:00:00,2015,3,7,28,Tuesday,2015,3
20150729,2015-07-29 00:00:00,2015,3,7,29,Wednesday,2015,3
20150730,2015-07-30 00:00:00,2015,3,7,30,Thursday,2015,3
20150731,2015-07-31 00:00:00,2015,3,7,31,Friday,2015,3
20150801,2015-08-01 00:00:00,2015,3,8,1,Saturday,2015,3
20150802,2015-08-02 00:00:00,2015,3,8,2,Sunday,2015,3
20150803,2015-08-03 00:00:00,2015,3,8,3,Monday,2015,3
20150805,2015-08-05 00:00:00,2015,3,8,5,Wednesday,2015,3
20150806,2015-08-06 00:00:00,2015,3,8,6,Thursday,2015,3
20150807,2015-08-07 00:00:00,2015,3,8,7,Friday,2015,3
20150808,2015-08-08 00:00:00,2015,3,8,8,Saturday,2015,3
20150809,2015-08-09 00:00:00,2015,3,8,9,Sunday,2015,3
20150810,2015-08-10 00:00:00,2015,3,8,10,Monday,2015,3
20150811,2015-08-11 00:00:00,2015,3,8,11,Tuesday,2015,3
20150812,2015-08-12 00:00:00,2015,3,8,12,Wednesday,2015,3
20150813,2015-08-13 00:00:00,2015,3,8,13,Thursday,2015,3
20150814,2015-08-14 00:00:00,2015,3,8,14,Friday,2015,3
20150815,2015-08-15 00:00:00,2015,3,8,15,Saturday,2015,3
20150816,2015-08-16 00:00:00,2015,3,8,16,Sunday,2015,3
20150817,2015-08-17 00:00:00,2015,3,8,17,Monday,2015,3
20150819,2015-08-19 00:00:00,2015,3,8,19,Wednesday,2015,3
20150820,2015-08-20 00:00:00,2015,3,8,20,Thursday,2015,3
20150821,2015-08-21 00:00:00,2015,3,8,21,Friday,2015,3
20150822,2015-08-22 00:00:00,2015,3,8,22,Saturday,2015,3
20150823,2015-08-23 00:00:00,2015,3,8,23,Sunday,2015,3
20150824,2015-08-24 00:00:00,2015,3,8,24,Monday,2015,3
20150825,2015-08-25 00:00:00,2015,3,8,25,Tuesday,2015,3
20150826,2015-08-26 00:00:00,2015,3,8,26,Wednesday,2015,3
20150827,2015-08-27 00:00:00,2015,3,8,27,Thursday,2015,3
20150828,2015-08-28 00:00:00,2015,3,8,28,Friday,2015,3
20150829,2015-08-29 00:00:00,2015,3,8,29,Saturday,2015,3
20150830,2015-08-30 00:00:00,2015,3,8,30,Sunday,2015,3
20150831,2015-08-31 00:00:00,2015,3,8,31,Monday,2015,3
20150901,2015-09-01 00:00:00,2015,3,9,1,Tuesday,2015,3
20150902,2015-09-02 00:00:00,2015,3,9,2,Wednesday,2015,3
20150903,2015-09-03 00:00:00,2015,3,9,3,Thursday,2015,3
20150904,2015-09-04 00:00:00,2015,3,9,4,Friday,2015,3
20150905,2015-09-05 00:00:00,2015,3,9,5,Saturday,2015,3
20150906,2015-09-06 00:00:00,2015,3,9,6,Sunday,2015,3
20150907,2015-09-07 00:00:00,2015,3,9,7,Monday,2015,3
20150908,2015-09-08 00:00:00,2015,3,9,8,Tuesday,2015,3
20150909,2015-09-09 00:00:00,2015,3,9,9,Wednesday,2015,3
20150910,2015-09-10 00:00:00,2015,3,9,10,Thursday,2015,3
20150911,2015-09-11 00:00:00,2015,3,9,11,Friday,2015,3
20150912,2015-09-12 00:00:00,2015,3,9,12,Saturday,2015,3
20150913,2015-09-13 00:00:00,2015,3,9,13,Sunday,2015,3
20150914,2015-09-14 00:00:00,2015,3,9,14,Monday,2015,3
20150915,2015-09-15 00:00:00,2015,3,9,15,Tuesday,2015,3
20150916,2015-09-16 00:00:00,2015,3,9,16,Wednesday,2015,3
20150917,2015-09-17 00:00:00,2015,3,9,17,Thursday,2015,3
20150918,2015-09-18 00:00:00,2015,3,9,18,Friday,2015,3
20150919,2015-09-19 00:00:00,2015,3,9,19,Saturday,2015,3
20150920,2015-09-20 00:00:00,2015,3,9,20,Sunday,2015,3
20150921,2015-09-21 00:00:00,2015,3,9,21,Monday,2015,3
20150922,2015-09-22 00:00:00,2015,3,9,22,Tuesday,2015,3
20150923,2015-09-23 00:00:00,2015,3,9,23,Wednesday,2015,3
20150924,2015-09-24 00:00:00,2015,3,9,24,Thursday,2015,3
20150925,2015-09-25 00:00:00,2015,3,9,25,Friday,2015,3
20150926,2015-09-26 00:00:00,2015,3,9,26,Saturday,2015,3
20150927,2015-09-27 00:00:00,2015,3,9,27,Sunday,2015,3
20150928,2015-09-28 00:00:00,2015,3,9,28,Monday,2015,3
20150929,2015-09-29 00:00:00,2015,3,9,29,Tuesday,2015,3
20150930,2015-09-30 00:00:00,2015,3,9,30,Wednesday,2015,3
20151001,2015-10-01 00:00:00,2015,4,10,1,Thursday,2015,4
20151002,2015-10-02 00:00:00,2015,4,10,2,Friday,2015,4
20151003,2015-10-03 00:00:00,2015,4,10,3,Saturday,2015,4
20151004,2015-10-04 00:00:00,2015,4,10,4,Sunday,2015,4
20151005,2015-10-05 00:00:00,2015,4,10,5,Monday,2015,4
20151006,2015-10-06 00:00:00,2015,4,10,6,Tuesday,2015,4
20151007,2015-10-07 00:00:00,2015,4,10,7,Wednesday,2015,4
20151008,2015-10-08 00:00:00,2015,4,10,8,Thursday,2015,4
20151009,2015-10-09 00:00:00,2015,4,10,9,Friday,2015,4
20151010,2015-10-10 00:00:00,2015,4,10,10,Saturday,2015,4
20151011,2015-10-11 00:00:00,2015,4,10,11,Sunday,2015,4
20151012,2015-10-12 00:00:00,2015,4,10,12,Monday,2015,4
20151013,2015-10-13 00:00:00,2015,4,10,13,Tuesday,2015,4
20151014,2015-10-14 00:00:00,2015,4,10,14,Wednesday,2015,4
20151015,2015-10-15 00:00:00,2015,4,10,15,Thursday,2015,4
20151016,2015-10-16 00:00:00,2015,4,10,16,Friday,2015,4
20151017,2015-10-17 00:00:00,2015,4,10,17,Saturday,2015,4
20151018,2015-10-18 00:00:00,2015,4,10,18,Sunday,2015,4
20151019,2015-10-19 00:00:00,2015,4,10,19,Monday,2015,4
20151020,2015-10-20 00:00:00,2015,4,10,20,Tuesday,2015,4
20151022,2015-10-22 00:00:00,2015,4,10,22,Thursday,2015,4
20151023,2015-10-23 00:00:00,2015,4,10,23,Friday,2015,4
20151024,2015-10-24 00:00:00,2015,4,10,24,Saturday,2015,4
20151025,2015-10-25 00:00:00,2015,4,10,25,Sunday,2015,4
20151026,2015-10-26 00:00:00,2015,4,10,26,Monday,2015,4
20151027,2015-10-27 00:00:00,2015,4,10,27,Tuesday,2015,4
20151028,2015-10-28 00:00:00,2015,4,10,28,Wednesday,2015,4
20151029,2015-10-29 00:00:00,2015,4,10,29,Thursday,2015,4
20151030,2015-10-30 00:00:00,2015,4,10,30,Friday,2015,4
20151031,2015-10-31 00:00:00,2015,4,10,31,Saturday,2015,4
20151101,2015-11-01 00:00:00,2015,4,11,1,Sunday,2015,4
20151102,2015-11-02 00:00:00,2015,4,11,2,Monday,2015,4
20151103,2015-11-03 00:00:00,2015,4,11,3,Tuesday,2015,4
20151104,2015-11-04 00:00:00,2015,4,11,4,Wednesday,2015,4
20151105,2015-11-05 00:00:00,2015,4,11,5,Thursday,2015,4
20151106,2015-11-06 00:00:00,2015,4,11,6,Friday,2015,4
20151107,2015-11-07 00:00:00,2015,4,11,7,Saturday,2015,4
20151108,2015-11-08 00:00:00,2015,4,11,8,Sunday,2015,4
20151109,2015-11-09 00:00:00,2015,4,11,9,Monday,2015,4
20151110,2015-11-10 00:00:00,2015,4,11,10,Tuesday,2015,4
20151111,2015-11-11 00:00:00,2015,4,11,11,Wednesday,2015,4
20151112,2015-11-12 00:00:00,2015,4,11,12,Thursday,2015,4
20151113,2015-11-13 00:00:00,2015,4,11,13,Friday,2015,4
20151114,2015-11-14 00:00:00,2015,4,11,14,Saturday,2015,4
20151115,2015-11-15 00:00:00,2015,4,11,15,Sunday,2015,4
20151116,2015-11-16 00:00:00,2015,4,11,16,Monday,2015,4
20151117,2015-11-17 00:00:00,2015,4,11,17,Tuesday,2015,4
20151118,2015-11-18 00:00:00,2015,4,11,18,Wednesday,2015,4
20151119,2015-11-19 00:00:00,2015,4,11,19,Thursday,2015,4
20151120,2015-11-20 00:00:00,2015,4,11,20,Friday,2015,4
20151121,2015-11-21 00:00:00,2015,4,11,21,Saturday,2015,4
20151122,2015-11-22 00:00:00,2015,4,11,22,Sunday,2015,4
20151123,2015-11-23 00:00:00,2015,4,11,23,Monday,2015,4
20151124,2015-11-24 00:00:00,2015,4,11,24,Tuesday,2015,4
20151125,2015-11-25 00:00:00,2015,4,11,25,Wednesday,2015,4
20151126,2015-11-26 00:00:00,2015,4,11,26,Thursday,2015,4
20151127,2015-11-27 00:00:00,2015,4,11,27,Friday,2015,4
20151128,2015-11-28 00:00:00,2015,4,11,28,Saturday,2015,4
20151129,2015-11-29 00:00:00,2015,4,11,29,Sunday,2015,4
20151130,2015-11-30 00:00:00,2015,4,11,30,Monday,2015,4
20151201,2015-12-01 00:00:00,2015,4,12,1,Tuesday,2015,4
20151202,2015-12-02 00:00:00,2015,4,12,2,Wednesday,2015,4
20151203,2015-12-03 00:00:00,2015,4,12,3,Thursday,2015,4
20151204,2015-12-04 00:00:00,2015,4,12,4,Friday,2015,4
20151205,2015-12-05 00:00:00,2015,4,12,5,Saturday,2015,4
20151206,2015-12-06 00:00:00,2015,4,12,6,Sunday,2015,4
20151207,2015-12-07 00:00:00,2015,4,12,7,Monday,2015,4
20151208,2015-12-08 00:00:00,2015,4,12,8,Tuesday,2015,4
20151209,2015-12-09 00:00:00,2015,4,12,9,Wednesday,2015,4
20151210,2015-12-10 00:00:00,2015,4,12,10,Thursday,2015,4
20151211,2015-12-11 00:00:00,2015,4,12,11,Friday,2015,4
20151212,2015-12-12 00:00:00,2015,4,12,12,Saturday,2015,4
20151213,2015-12-13 00:00:00,2015,4,12,13,Sunday,2015,4
20151214,2015-12-14 00:00:00,2015,4,12,14,Monday,2015,4
20151215,2015-12-15 00:00:00,2015,4,12,15,Tuesday,2015,4
20151216,2015-12-16 00:00:00,2015,4,12,16,Wednesday,2015,4
20151217,2015-12-17 00:00:00,2015,4,12,17,Thursday,2015,4
20151218,2015-12-18 00:00:00,2015,4,12,18,Friday,2015,4
20151219,2015-12-19 00:00:00,2015,4,12,19,Saturday,2015,4
20151220,2015-12-20 00:00:00,2015,4,12,20,Sunday,2015,4
20151221,2015-12-21 00:00:00,2015,4,12,21,Monday,2015,4
20151222,2015-12-22 00:00:00,2015,4,12,22,Tuesday,2015,4
20151223,2015-12-23 00:00:00,2015,4,12,23,Wednesday,2015,4
20151224,2015-12-24 00:00:00,2015,4,12,24,Thursday,2015,4
20151225,2015-12-25 00:00:00,2015,4,12,25,Friday,2015,4
20151226,2015-12-26 00:00:00,2015,4,12,26,Saturday,2015,4
20151227,2015-12-27 00:00:00,2015,4,12,27,Sunday,2015,4
20151228,2015-12-28 00:00:00,2015,4,12,28,Monday,2015,4
20151229,2015-12-29 00:00:00,2015,4,12,29,Tuesday,2015,4
20151230,2015-12-30 00:00:00,2015,4,12,30,Wednesday,2015,4
20151231,2015-12-31 00:00:00,2015,4,12,31,Thursday,2015,4
20160101,2016-01-01 00:00:00,2016,1,1,1,Friday,2016,1
20160102,2016-01-02 00:00:00,2016,1,1,2,Saturday,2016,1
20160103,2016-01-03 00:00:00,2016,1,1,3,Sunday,2016,1
20160104,2016-01-04 00:00:00,2016,1,1,4,Monday,2016,1
20160105,2016-01-05 00:00:00,2016,1,1,5,Tuesday,2016,1
20160107,2016-01-07 00:00:00,2016,1,1,7,Thursday,2016,1
20160108,2016-01-08 00:00:00,2016,1,1,8,Friday,2016,1
20160109,2016-01-09 00:00:00,2016,1,1,9,Saturday,2016,1
20160110,2016-01-10 00:00:00,2016,1,1,10,Sunday,2016,1
20160111,2016-01-11 00:00:00,2016,1,1,11,Monday,2016,1
20160112,2016-01-12 00:00:00,2016,1,1,12,Tuesday,2016,1
20160113,2016-01-13 00:00:00,2016,1,1,13,Wednesday,2016,1
20160114,2016-01-14 00:00:00,2016,1,1,14,Thursday,2016,1
20160115,2016-01-15 00:00:00,2016,1,1,15,Friday,2016,1
20160116,2016-01-16 00:00:00,2016,1,1,16,Saturday,2016,1
20160117,2016-01-17 00:00:00,2016,1,1,17,Sunday,2016,1
20160119,2016-01-19 00:00:00,2016,1,1,19,Tuesday,2016,1
20160120,2016-01-20 00:00:00,2016,1,1,20,Wednesday,2016,1
20160121,2016-01-21 00:00:00,2016,1,1,21,Thursday,2016,1
20160122,2016-01-22 00:00:00,2016,1,1,22,Friday,2016,1
20160123,2016-01-23 00:00:00,2016,1,1,23,Saturday,2016,1
20160124,2016-01-24 00:00:00,2016,1,1,24,Sunday,2016,1
20160125,2016-01-25 00:00:00,2016,1,1,25,Monday,2016,1
20160126,2016-01-26 00:00:00,2016,1,1,26,Tuesday,2016,1
20160127,2016-01-27 00:00:00,2016,1,1,27,Wednesday,2016,1
20160128,2016-01-28 00:00:00,2016,1,1,28,Thursday,2016,1
20160129,2016-01-29 00:00:00,2016,1,1,29,Friday,2016,1
20160130,2016-01-30 00:00:00,2016,1,1,30,Saturday,2016,1
20160131,2016-01-31 00:00:00,2016,1,1,31,Sunday,2016,1
20160201,2016-02-01 00:00:00,2016,1,2,1,Monday,2016,1
20160202,2016-02-02 00:00:00,2016,1,2,2,Tuesday,2016,1
20160203,2016-02-03 00:00:00,2016,1,2,3,Wednesday,2016,1
20160204,2016-02-04 00:00:00,2016,1,2,4,Thursday,2016,1
20160205,2016-02-05 00:00:00,2016,1,2,5,Friday,2016,1
20160206,2016-02-06 00:00:00,2016,1,2,6,Saturday,2016,1
20160207,2016-02-07 00:00:00,2016,1,2,7,Sunday,2016,1
20160208,2016-02-08 00:00:00,2016,1,2,8,Monday,2016,1
20160209,2016-02-09 00:00:00,2016,1,2,9,Tuesday,2016,1
20160210,2016-02-10 00:00:00,2016,1,2,10,Wednesday,2016,1
20160211,2016-02-11 00:00:00,2016,1,2,11,Thursday,2016,1
20160212,2016-02-12 00:00:00,2016,1,2,12,Friday,2016,1
20160213,2016-02-13 00:00:00,2016,1,2,13,Saturday,2016,1
20160214,2016-02-14 00:00:00,2016,1,2,14,Sunday,2016,1
20160215,2016-02-15 00:00:00,2016,1,2,15,Monday,2016,1
20160216,2016-02-16 00:00:00,2016,1,2,16,Tuesday,2016,1
20160218,2016-02-18 00:00:00,2016,1,2,18,Thursday,2016,1
20160219,2016-02-19 00:00:00,2016,1,2,19,Friday,2016,1
20160220,2016-02-20 00:00:00,2016,1,2,20,Saturday,2016,1
20160221,2016-02-21 00:00:00,2016,1,2,21,Sunday,2016,1
20160222,2016-02-22 00:00:00,2016,1,2,22,Monday,2016,1
20160223,2016-02-23 00:00:00,2016,1,2,23,Tuesday,2016,1
20160224,2016-02-24 00:00:00,2016,1,2,24,Wednesday,2016,1
20160225,2016-02-25 00:00:00,2016,1,2,25,Thursday,2016,1
20160226,2016-02-26 00:00:00,2016,1,2,26,Friday,2016,1
20160227,2016-02-27 00:00:00,2016,1,2,27,Saturday,2016,1
20160228,2016-02-28 00:00:00,2016,1,2,28,Sunday,2016,1
20160229,2016-02-29 00:00:00,2016,1,2,29,Monday,2016,1
20160301,2016-03-01 00:00:00,2016,1,3,1,Tuesday,2016,1
20160302,2016-03-02 00:00:00,2016,1,3,2,Wednesday,2016,1
20160303,2016-03-03 00:00:00,2016,1,3,3,Thursday,2016,1
20160304,2016-03-04 00:00:00,2016,1,3,4,Friday,2016,1
20160305,2016-03-05 00:00:00,2016,1,3,5,Saturday,2016,1
20160306,2016-03-06 00:00:00,2016,1,3,6,Sunday,2016,1
20160307,2016-03-07 00:00:00,2016,1,3,7,Monday,2016,1
20160308,2016-03-08 00:00:00,2016,1,3,8,Tuesday,2016,1
20160309,2016-03-09 00:00:00,2016,1,3,9,Wednesday,2016,1
20160310,2016-03-10 00:00:00,2016,1,3,10,Thursday,2016,1
20160311,2016-03-11 00:00:00,2016,1,3,11,Friday,2016,1
20160312,2016-03-12 00:00:00,2016,1,3,12,Saturday,2016,1
20160313,2016-03-13 00:00:00,2016,1,3,13,Sunday,2016,1
20160314,2016-03-14 00:00:00,2016,1,3,14,Monday,2016,1
20160315,2016-03-15 00:00:00,2016,1,3,15,Tuesday,2016,1
20160316,2016-03-16 00:00:00,2016,1,3,16,Wednesday,2016,1
20160317,2016-03-17 00:00:00,2016,1,3,17,Thursday,2016,1
20160318,2016-03-18 00:00:00,2016,1,3,18,Friday,2016,1
20160319,2016-03-19 00:00:00,2016,1,3,19,Saturday,2016,1
20160320,2016-03-20 00:00:00,2016,1,3,20,Sunday,2016,1
20160321,2016-03-21 00:00:00,2016,1,3,21,Monday,2016,1
20160322,2016-03-22 00:00:00,2016,1,3,22,Tuesday,2016,1
20160323,2016-03-23 00:00:00,2016,1,3,23,Wednesday,2016,1
20160324,2016-03-24 00:00:00,2016,1,3,24,Thursday,2016,1
20160325,2016-03-25 00:00:00,2016,1,3,25,Friday,2016,1
20160326,2016-03-26 00:00:00,2016,1,3,26,Saturday,2016,1
20160327,2016-03-27 00:00:00,2016,1,3,27,Sunday,2016,1
20160328,2016-03-28 00:00:00,2016,1,3,28,Monday,2016,1
20160329,2016-03-29 00:00:00,2016,1,3,29,Tuesday,2016,1
20160330,2016-03-30 00:00:00,2016,1,3,30,Wednesday,2016,1
20160331,2016-03-31 00:00:00,2016,1,3,31,Thursday,2016,1
20160401,2016-04-01 00:00:00,2016,2,4,1,Friday,2016,2
20160402,2016-04-02 00:00:00,2016,2,4,2,Saturday,2016,2
20160403,2016-04-03 00:00:00,2016,2,4,3,Sunday,2016,2
20160404,2016-04-04 00:00:00,2016,2,4,4,Monday,2016,2
20160405,2016-04-05 00:00:00,2016,2,4,5,Tuesday,2016,2
20160406,2016-04-06 00:00:00,2016,2,4,6,Wednesday,2016,2
20160407,2016-04-07 00:00:00,2016,2,4,7,Thursday,2016,2
20160408,2016-04-08 00:00:00,2016,2,4,8,Friday,2016,2
20160409,2016-04-09 00:00:00,2016,2,4,9,Saturday,2016,2
20160410,2016-04-10 00:00:00,2016,2,4,10,Sunday,2016,2
20160411,2016-04-11 00:00:00,2016,2,4,11,Monday,2016,2
20160412,2016-04-12 00:00:00,2016,2,4,12,Tuesday,2016,2
20160413,2016-04-13 00:00:00,2016,2,4,13,Wednesday,2016,2
20160414,2016-04-14 00:00:00,2016,2,4,14,Thursday,2016,2
20160415,2016-04-15 00:00:00,2016,2,4,15,Friday,2016,2
20160416,2016-04-16 00:00:00,2016,2,4,16,Saturday,2016,2
20160417,2016-04-17 00:00:00,2016,2,4,17,Sunday,2016,2
20160418,2016-04-18 00:00:00,2016,2,4,18,Monday,2016,2
20160419,2016-04-19 00:00:00,2016,2,4,19,Tuesday,2016,2
20160420,2016-04-20 00:00:00,2016,2,4,20,Wednesday,2016,2
20160421,2016-04-21 00:00:00,2016,2,4,21,Thursday,2016,2
20160422,2016-04-22 00:00:00,2016,2,4,22,Friday,2016,2
20160423,2016-04-23 00:00:00,2016,2,4,23,Saturday,2016,2
20160424,2016-04-24 00:00:00,2016,2,4,24,Sunday,2016,2
20160425,2016-04-25 00:00:00,2016,2,4,25,Monday,2016,2
20160426,2016-04-26 00:00:00,2016,2,4,26,Tuesday,2016,2
20160427,2016-04-27 00:00:00,2016,2,4,27,Wednesday,2016,2
20160428,2016-04-28 00:00:00,2016,2,4,28,Thursday,2016,2
20160429,2016-04-29 00:00:00,2016,2,4,29,Friday,2016,2
20160430,2016-04-30 00:00:00,2016,2,4,30,Saturday,2016,2
20160501,2016-05-01 00:00:00,2016,2,5,1,Sunday,2016,2
20160502,2016-05-02 00:00:00,2016,2,5,2,Monday,2016,2
20160503,2016-05-03 00:00:00,2016,2,5,3,Tuesday,2016,2
20160504,2016-05-04 00:00:00,2016,2,5,4,Wednesday,2016,2
20160505,2016-05-05 00:00:00,2016,2,5,5,Thursday,2016,2
20160506,2016-05-06 00:00:00,2016,2,5,6,Friday,2016,2
20160507,2016-05-07 00:00:00,2016,2,5,7,Saturday,2016,2
20160508,2016-05-08 00:00:00,2016,2,5,8,Sunday,2016,2
20160509,2016-05-09 00:00:00,2016,2,5,9,Monday,2016,2
20160510,2016-05-10 00:00:00,2016,2,5,10,Tuesday,2016,2
20160511,2016-05-11 00:00:00,2016,2,5,11,Wednesday,2016,2
20160512,2016-05-12 00:00:00,2016,2,5,12,Thursday,2016,2
20160513,2016-05-13 00:00:00,2016,2,5,13,Friday,2016,2
20160514,2016-05-14 00:00:00,2016,2,5,14,Saturday,2016,2
20160515,2016-05-15 00:00:00,2016,2,5,15,Sunday,2016,2
20160516,2016-05-16 00:00:00,2016,2,5,16,Monday,2016,2
20160517,2016-05-17 00:00:00,2016,2,5,17,Tuesday,2016,2
20160518,2016-05-18 00:00:00,2016,2,5,18,Wednesday,2016,2
20160519,2016-05-19 00:00:00,2016,2,5,19,Thursday,2016,2
20160520,2016-05-20 00:00:00,2016,2,5,20,Friday,2016,2
20160521,2016-05-21 00:00:00,2016,2,5,21,Saturday,2016,2
20160522,2016-05-22 00:00:00,2016,2,5,22,Sunday,2016,2
20160523,2016-05-23 00:00:00,2016,2,5,23,Monday,2016,2
20160524,2016-05-24 00:00:00,2016,2,5,24,Tuesday,2016,2
20160525,2016-05-25 00:00:00,2016,2,5,25,Wednesday,2016,2
20160526,2016-05-26 00:00:00,2016,2,5,26,Thursday,2016,2
20160527,2016-05-27 00:00:00,2016,2,5,27,Friday,2016,2
20160528,2016-05-28 00:00:00,2016,2,5,28,Saturday,2016,2
20160529,2016-05-29 00:00:00,2016,2,5,29,Sunday,2016,2
20160530,2016-05-30 00:00:00,2016,2,5,30,Monday,2016,2
20160531,2016-05-31 00:00:00,2016,2,5,31,Tuesday,2016,2
20160601,2016-06-01 00:00:00,2016,2,6,1,Wednesday,2016,2
20160602,2016-06-02 00:00:00,2016,2,6,2,Thursday,2016,2
20160603,2016-06-03 00:00:00,2016,2,6,3,Friday,2016,2
20160604,2016-06-04 00:00:00,2016,2,6,4,Saturday,2016,2
20160605,2016-06-05 00:00:00,2016,2,6,5,Sunday,2016,2
20160606,2016-06-06 00:00:00,2016,2,6,6,Monday,2016,2
20160607,2016-06-07 00:00:00,2016,2,6,7,Tuesday,2016,2
20160609,2016-06-09 00:00:00,2016,2,6,9,Thursday,2016,2
20160610,2016-06-10 00:00:00,2016,2,6,10,Friday,2016,2
20160611,2016-06-11 00:00:00,2016,2,6,11,Saturday,2016,2
20160612,2016-06-12 00:00:00,2016,2,6,12,Sunday,2016,2
20160613,2016-06-13 00:00:00,2016,2,6,13,Monday,2016,2
20160614,2016-06-14 00:00:00,2016,2,6,14,Tuesday,2016,2
20160615,2016-06-15 00:00:00,2016,2,6,15,Wednesday,2016,2
20160616,2016-06-16 00:00:00,2016,2,6,16,Thursday,2016,2
20160617,2016-06-17 00:00:00,2016,2,6,17,Friday,2016,2
20160618,2016-06-18 00:00:00,2016,2,6,18,Saturday,2016,2
20160619,2016-06-19 00:00:00,2016,2,6,19,Sunday,2016,2
20160620,2016-06-20 00:00:00,2016,2,6,20,Monday,2016,2
20160621,2016-06-21 00:00:00,2016,2,6,21,Tuesday,2016,2
20160622,2016-06-22 00:00:00,2016,2,6,22,Wednesday,2016,2
20160623,2016-06-23 00:00:00,2016,2,6,23,Thursday,2016,2
20160624,2016-06-24 00:00:00,2016,2,6,24,Friday,2016,2
20160625,2016-06-25 00:00:00,2016,2,6,25,Saturday,2016,2
20160626,2016-06-26 00:00:00,2016,2,6,26,Sunday,2016,2
20160627,2016-06-27 00:00:00,2016,2,6,27,Monday,2016,2
20160628,2016-06-28 00:00:00,2016,2,6,28,Tuesday,2016,2
20160629,2016-06-29 00:00:00,2016,2,6,29,Wednesday,2016,2
20160630,2016-06-30 00:00:00,2016,2,6,30,Thursday,2016,2
20160701,2016-07-01 00:00:00,2016,3,7,1,Friday,2016,3
20160702,2016-07-02 00:00:00,2016,3,7,2,Saturday,2016,3
20160703,2016-07-03 00:00:00,2016,3,7,3,Sunday,2016,3
20160704,2016-07-04 00:00:00,2016,3,7,4,Monday,2016,3
20160706,2016-07-06 00:00:00,2016,3,7,6,Wednesday,2016,3
20160707,2016-07-07 00:00:00,2016,3,7,7,Thursday,2016,3
20160708,2016-07-08 00:00:00,2016,3,7,8,Friday,2016,3
20160709,2016-07-09 00:00:00,2016,3,7,9,Saturday,2016,3
20160710,2016-07-10 00:00:00,2016,3,7,10,Sunday,2016,3
20160711,2016-07-11 00:00:00,2016,3,7,11,Monday,2016,3
20160712,2016-07-12 00:00:00,2016,3,7,12,Tuesday,2016,3
20160713,2016-07-13 00:00:00,2016,3,7,13,Wednesday,2016,3
20160714,2016-07-14 00:00:00,2016,3,7,14,Thursday,2016,3
20160715,2016-07-15 00:00:00,2016,3,7,15,Friday,2016,3
20160716,2016-07-16 00:00:00,2016,3,7,16,Saturday,2016,3
20160717,2016-07-17 00:00:00,2016,3,7,17,Sunday,2016,3
20160718,2016-07-18 00:00:00,2016,3,7,18,Monday,2016,3
20160719,2016-07-19 00:00:00,2016,3,7,19,Tuesday,2016,3
20160720,2016-07-20 00:00:00,2016,3,7,20,Wednesday,2016,3
20160721,2016-07-21 00:00:00,2016,3,7,21,Thursday,2016,3
20160722,2016-07-22 00:00:00,2016,3,7,22,Friday,2016,3
20160723,2016-07-23 00:00:00,2016,3,7,23,Saturday,2016,3
20160724,2016-07-24 00:00:00,2016,3,7,24,Sunday,2016,3
20160725,2016-07-25 00:00:00,2016,3,7,25,Monday,2016,3
20160726,2016-07-26 00:00:00,2016,3,7,26,Tuesday,2016,3
20160727,2016-07-27 00:00:00,2016,3,7,27,Wednesday,2016,3
20160728,2016-07-28 00:00:00,2016,3,7,28,Thursday,2016,3
20160729,2016-07-29 00:00:00,2016,3,7,29,Friday,2016,3
20160730,2016-07-30 00:00:00,2016,3,7,30,Saturday,2016,3
20160731,2016-07-31 00:00:00,2016,3,7,31,Sunday,2016,3
20160801,2016-08-01 00:00:00,2016,3,8,1,Monday,2016,3
20160802,2016-08-02 00:00:00,2016,3,8,2,Tuesday,2016,3
20160803,2016-08-03 00:00:00,2016,3,8,3,Wednesday,2016,3
20160804,2016-08-04 00:00:00,2016,3,8,4,Thursday,2016,3
20160805,2016-08-05 00:00:00,2016,3,8,5,Friday,2016,3
20160806,2016-08-06 00:00:00,2016,3,8,6,Saturday,2016,3
20160807,2016-08-07 00:00:00,2016,3,8,7,Sunday,2016,3
20160808,2016-08-08 00:00:00,2016,3,8,8,Monday,2016,3
20160809,2016-08-09 00:00:00,2016,3,8,9,Tuesday,2016,3
20160810,2016-08-10 00:00:00,2016,3,8,10,Wednesday,2016,3
20160811,2016-08-11 00:00:00,2016,3,8,11,Thursday,2016,3
20160812,2016-08-12 00:00:00,2016,3,8,12,Friday,2016,3
20160813,2016-08-13 00:00:00,2016,3,8,13,Saturday,2016,3
20160814,2016-08-14 00:00:00,2016,3,8,14,Sunday,2016,3
20160815,2016-08-15 00:00:00,2016,3,8,15,Monday,2016,3
20160816,2016-08-16 00:00:00,2016,3,8,16,Tuesday,2016,3
20160817,2016-08-17 00:00:00,2016,3,8,17,Wednesday,2016,3
20160818,2016-08-18 00:00:00,2016,3,8,18,Thursday,2016,3
20160819,2016-08-19 00:00:00,2016,3,8,19,Friday,2016,3
20160820,2016-08-20 00:00:00,2016,3,8,20,Saturday,2016,3
20160821,2016-08-21 00:00:00,2016,3,8,21,Sunday,2016,3
20160822,2016-08-22 00:00:00,2016,3,8,22,Monday,2016,3
20160823,2016-08-23 00:00:00,2016,3,8,23,Tuesday,2016,3
20160824,2016-08-24 00:00:00,2016,3,8,24,Wednesday,2016,3
20160825,2016-08-25 00:00:00,2016,3,8,25,Thursday,2016,3
20160826,2016-08-26 00:00:00,2016,3,8,26,Friday,2016,3
20160827,2016-08-27 00:00:00,2016,3,8,27,Saturday,2016,3
20160828,2016-08-28 00:00:00,2016,3,8,28,Sunday,2016,3
20160829,2016-08-29 00:00:00,2016,3,8,29,Monday,2016,3
20160830,2016-08-30 00:00:00,2016,3,8,30,Tuesday,2016,3
20160831,2016-08-31 00:00:00,2016,3,8,31,Wednesday,2016,3
20160901,2016-09-01 00:00:00,2016,3,9,1,Thursday,2016,3
20160902,2016-09-02 00:00:00,2016,3,9,2,Friday,2016,3
20160903,2016-09-03 00:00:00,2016,3,9,3,Saturday,2016,3
20160904,2016-09-04 00:00:00,2016,3,9,4,Sunday,2016,3
20160905,2016-09-05 00:00:00,2016,3,9,5,Monday,2016,3
20160906,2016-09-06 00:00:00,2016,3,9,6,Tuesday,2016,3
20160907,2016-09-07 00:00:00,2016,3,9,7,Wednesday,2016,3
20160908,2016-09-08 00:00:00,2016,3,9,8,Thursday,2016,3
20160909,2016-09-09 00:00:00,2016,3,9,9,Friday,2016,3
20160910,2016-09-10 00:00:00,2016,3,9,10,Saturday,2016,3
20160911,2016-09-11 00:00:00,2016,3,9,11,Sunday,2016,3
20160912,2016-09-12 00:00:00,2016,3,9,12,Monday,2016,3
20160913,2016-09-13 00:00:00,2016,3,9,13,Tuesday,2016,3
20160914,2016-09-14 00:00:00,2016,3,9,14,Wednesday,2016,3
20160915,2016-09-15 00:00:00,2016,3,9,15,Thursday,2016,3
20160916,2016-09-16 00:00:00,2016,3,9,16,Friday,2016,3
20160917,2016-09-17 00:00:00,2016,3,9,17,Saturday,2016,3
20160918,2016-09-18 00:00:00,2016,3,9,18,Sunday,2016,3
20160919,2016-09-19 00:00:00,2016,3,9,19,Monday,2016,3
20160920,2016-09-20 00:00:00,2016,3,9,20,Tuesday,2016,3
20160921,2016-09-21 00:00:00,2016,3,9,21,Wednesday,2016,3
20160922,2016-09-22 00:00:00,2016,3,9,22,Thursday,2016,3
20160923,2016-09-23 00:00:00,2016,3,9,23,Friday,2016,3
20160924,2016-09-24 00:00:00,2016,3,9,24,Saturday,2016,3
20160925,2016-09-25 00:00:00,2016,3,9,25,Sunday,2016,3
20160926,2016-09-26 00:00:00,2016,3,9,26,Monday,2016,3
20160927,2016-09-27 00:00:00,2016,3,9,27,Tuesday,2016,3
20160928,2016-09-28 00:00:00,2016,3,9,28,Wednesday,2016,3
20160929,2016-09-29 00:00:00,2016,3,9,29,Thursday,2016,3
20160930,2016-09-30 00:00:00,2016,3,9,30,Friday,2016,3
20161001,2016-10-01 00:00:00,2016,4,10,1,Saturday,2016,4
20161002,2016-10-02 00:00:00,2016,4,10,2,Sunday,2016,4
20161003,2016-10-03 00:00:00,2016,4,10,3,Monday,2016,4
20161004,2016-10-04 00:00:00,2016,4,10,4,Tuesday,2016,4
20161005,2016-10-05 00:00:00,2016,4,10,5,Wednesday,2016,4
20161006,2016-10-06 00:00:00,2016,4,10,6,Thursday,2016,4
20161007,2016-10-07 00:00:00,2016,4,10,7,Friday,2016,4
20161008,2016-10-08 00:00:00,2016,4,10,8,Saturday,2016,4
20161009,2016-10-09 00:00:00,2016,4,10,9,Sunday,2016,4
20161010,2016-10-10 00:00:00,2016,4,10,10,Monday,2016,4
20161011,2016-10-11 00:00:00,2016,4,10,11,Tuesday,2016,4
20161012,2016-10-12 00:00:00,2016,4,10,12,Wednesday,2016,4
20161013,2016-10-13 00:00:00,2016,4,10,13,Thursday,2016,4
20161014,2016-10-14 00:00:00,2016,4,10,14,Friday,2016,4
20161015,2016-10-15 00:00:00,2016,4,10,15,Saturday,2016,4
20161016,2016-10-16 00:00:00,2016,4,10,16,Sunday,2016,4
20161017,2016-10-17 00:00:00,2016,4,10,17,Monday,2016,4
20161018,2016-10-18 00:00:00,2016,4,10,18,Tuesday,2016,4
20161019,2016-10-19 00:00:00,2016,4,10,19,Wednesday,2016,4
20161020,2016-10-20 00:00:00,2016,4,10,20,Thursday,2016,4
20161021,2016-10-21 00:00:00,2016,4,10,21,Friday,2016,4
20161022,2016-10-22 00:00:00,2016,4,10,22,Saturday,2016,4
20161023,2016-10-23 00:00:00,2016,4,10,23,Sunday,2016,4
20161024,2016-10-24 00:00:00,2016,4,10,24,Monday,2016,4
20161025,2016-10-25 00:00:00,2016,4,10,25,Tuesday,2016,4
20161026,2016-10-26 00:00:00,2016,4,10,26,Wednesday,2016,4
20161027,2016-10-27 00:00:00,2016,4,10,27,Thursday,2016,4
20161028,2016-10-28 00:00:00,2016,4,10,28,Friday,2016,4
20161029,2016-10-29 00:00:00,2016,4,10,29,Saturday,2016,4
20161030,2016-10-30 00:00:00,2016,4,10,30,Sunday,2016,4
20161031,2016-10-31 00:00:00,2016,4,10,31,Monday,2016,4
20161101,2016-11-01 00:00:00,2016,4,11,1,Tuesday,2016,4
20161102,2016-11-02 00:00:00,2016,4,11,2,Wednesday,2016,4
20161103,2016-11-03 00:00:00,2016,4,11,3,Thursday,2016,4
20161104,2016-11-04 00:00:00,2016,4,11,4,Friday,2016,4
20161105,2016-11-05 00:00:00,2016,4,11,5,Saturday,2016,4
20161106,2016-11-06 00:00:00,2016,4,11,6,Sunday,2016,4
20161107,2016-11-07 00:00:00,2016,4,11,7,Monday,2016,4
20161108,2016-11-08 00:00:00,2016,4,11,8,Tuesday,2016,4
20161109,2016-11-09 00:00:00,2016,4,11,9,Wednesday,2016,4
20161110,2016-11-10 00:00:00,2016,4,11,10,Thursday,2016,4
20161111,2016-11-11 00:00:00,2016,4,11,11,Friday,2016,4
20161112,2016-11-12 00:00:00,2016,4,11,12,Saturday,2016,4
20161113,2016-11-13 00:00:00,2016,4,11,13,Sunday,2016,4
20161114,2016-11-14 00:00:00,2016,4,11,14,Monday,2016,4
20161115,2016-11-15 00:00:00,2016,4,11,15,Tuesday,2016,4
20161116,2016-11-16 00:00:00,2016,4,11,16,Wednesday,2016,4
20161117,2016-11-17 00:00:00,2016,4,11,17,Thursday,2016,4
20161118,2016-11-18 00:00:00,2016,4,11,18,Friday,2016,4
20161119,2016-11-19 00:00:00,2016,4,11,19,Saturday,2016,4
20161120,2016-11-20 00:00:00,2016,4,11,20,Sunday,2016,4
20161121,2016-11-21 00:00:00,2016,4,11,21,Monday,2016,4
20161122,2016-11-22 00:00:00,2016,4,11,22,Tuesday,2016,4
20161123,2016-11-23 00:00:00,2016,4,11,23,Wednesday,2016,4
20161124,2016-11-24 00:00:00,2016,4,11,24,Thursday,2016,4
20161125,2016-11-25 00:00:00,2016,4,11,25,Friday,2016,4
20161126,2016-11-26 00:00:00,2016,4,11,26,Saturday,2016,4
20161127,2016-11-27 00:00:00,2016,4,11,27,Sunday,2016,4
20161128,2016-11-28 00:00:00,2016,4,11,28,Monday,2016,4
20161129,2016-11-29 00:00:00,2016,4,11,29,Tuesday,2016,4
20161130,2016-11-30 00:00:00,2016,4,11,30,Wednesday,2016,4
20161201,2016-12-01 00:00:00,2016,4,12,1,Thursday,2016,4
20161202,2016-12-02 00:00:00,2016,4,12,2,Friday,2016,4
20161203,2016-12-03 00:00:00,2016,4,12,3,Saturday,2016,4
20161204,2016-12-04 00:00:00,2016,4,12,4,Sunday,2016,4
20161205,2016-12-05 00:00:00,2016,4,12,5,Monday,2016,4
20161206,2016-12-06 00:00:00,2016,4,12,6,Tuesday,2016,4
20161207,2016-12-07 00:00:00,2016,4,12,7,Wednesday,2016,4
20161208,2016-12-08 00:00:00,2016,4,12,8,Thursday,2016,4
20161209,2016-12-09 00:00:00,2016,4,12,9,Friday,2016,4
20161210,2016-12-10 00:00:00,2016,4,12,10,Saturday,2016,4
20161211,2016-12-11 00:00:00,2016,4,12,11,Sunday,2016,4
20161212,2016-12-12 00:00:00,2016,4,12,12,Monday,2016,4
20161213,2016-12-13 00:00:00,2016,4,12,13,Tuesday,2016,4
20161214,2016-12-14 00:00:00,2016,4,12,14,Wednesday,2016,4
20161215,2016-12-15 00:00:00,2016,4,12,15,Thursday,2016,4
20161216,2016-12-16 00:00:00,2016,4,12,16,Friday,2016,4
20161217,2016-12-17 00:00:00,2016,4,12,17,Saturday,2016,4
20161218,2016-12-18 00:00:00,2016,4,12,18,Sunday,2016,4
20161219,2016-12-19 00:00:00,2016,4,12,19,Monday,2016,4
20161220,2016-12-20 00:00:00,2016,4,12,20,Tuesday,2016,4
20161221,2016-12-21 00:00:00,2016,4,12,21,Wednesday,2016,4
20161222,2016-12-22 00:00:00,2016,4,12,22,Thursday,2016,4
20161223,2016-12-23 00:00:00,2016,4,12,23,Friday,2016,4
20161224,2016-12-24 00:00:00,2016,4,12,24,Saturday,2016,4
20161225,2016-12-25 00:00:00,2016,4,12,25,Sunday,2016,4
20161226,2016-12-26 00:00:00,2016,4,12,26,Monday,2016,4
20161227,2016-12-27 00:00:00,2016,4,12,27,Tuesday,2016,4
20161228,2016-12-28 00:00:00,2016,4,12,28,Wednesday,2016,4
20161229,2016-12-29 00:00:00,2016,4,12,29,Thursday,2016,4
20161230,2016-12-30 00:00:00,2016,4,12,30,Friday,2016,4
20161231,2016-12-31 00:00:00,2016,4,12,31,Saturday,2016,4
20170101,2017-01-01 00:00:00,2017,1,1,1,Sunday,2017,1
20170102,2017-01-02 00:00:00,2017,1,1,2,Monday,2017,1
20170103,2017-01-03 00:00:00,2017,1,1,3,Tuesday,2017,1
20170104,2017-01-04 00:00:00,2017,1,1,4,Wednesday,2017,1
20170105,2017-01-05 00:00:00,2017,1,1,5,Thursday,2017,1
20170106,2017-01-06 00:00:00,2017,1,1,6,Friday,2017,1
20170107,2017-01-07 00:00:00,2017,1,1,7,Saturday,2017,1
20170108,2017-01-08 00:00:00,2017,1,1,8,Sunday,2017,1
20170109,2017-01-09 00:00:00,2017,1,1,9,Monday,2017,1
20170110,2017-01-10 00:00:00,2017,1,1,10,Tuesday,2017,1
20170111,2017-01-11 00:00:00,2017,1,1,11,Wednesday,2017,1
20170112,2017-01-12 00:00:00,2017,1,1,12,Thursday,2017,1
20170113,2017-01-13 00:00:00,2017,1,1,13,Friday,2017,1
20170114,2017-01-14 00:00:00,2017,1,1,14,Saturday,2017,1
20170115,2017-01-15 00:00:00,2017,1,1,15,Sunday,2017,1
20170116,2017-01-16 00:00:00,2017,1,1,16,Monday,2017,1
20170117,2017-01-17 00:00:00,2017,1,1,17,Tuesday,2017,1
20170118,2017-01-18 00:00:00,2017,1,1,18,Wednesday,2017,1
20170119,2017-01-19 00:00:00,2017,1,1,19,Thursday,2017,1
20170120,2017-01-20 00:00:00,2017,1,1,20,Friday,2017,1
20170121,2017-01-21 00:00:00,2017,1,1,21,Saturday,2017,1
20170122,2017-01-22 00:00:00,2017,1,1,22,Sunday,2017,1
20170123,2017-01-23 00:00:00,2017,1,1,23,Monday,2017,1
20170124,2017-01-24 00:00:00,2017,1,1,24,Tuesday,2017,1
20170125,2017-01-25 00:00:00,2017,1,1,25,Wednesday,2017,1
20170126,2017-01-26 00:00:00,2017,1,1,26,Thursday,2017,1
20170127,2017-01-27 00:00:00,2017,1,1,27,Friday,2017,1
20170128,2017-01-28 00:00:00,2017,1,1,28,Saturday,2017,1
20170129,2017-01-29 00:00:00,2017,1,1,29,Sunday,2017,1
20170130,2017-01-30 00:00:00,2017,1,1,30,Monday,2017,1
20170131,2017-01-31 00:00:00,2017,1,1,31,Tuesday,2017,1
20170201,2017-02-01 00:00:00,2017,1,2,1,Wednesday,2017,1
20170202,2017-02-02 00:00:00,2017,1,2,2,Thursday,2017,1
20170203,2017-02-03 00:00:00,2017,1,2,3,Friday,2017,1
20170204,2017-02-04 00:00:00,2017,1,2,4,Saturday,2017,1
20170205,2017-02-05 00:00:00,2017,1,2,5,Sunday,2017,1
20170206,2017-02-06 00:00:00,2017,1,2,6,Monday,2017,1
20170207,2017-02-07 00:00:00,2017,1,2,7,Tuesday,2017,1
20170208,2017-02-08 00:00:00,2017,1,2,8,Wednesday,2017,1
20170209,2017-02-09 00:00:00,2017,1,2,9,Thursday,2017,1
20170210,2017-02-10 00:00:00,2017,1,2,10,Friday,2017,1
20170211,2017-02-11 00:00:00,2017,1,2,11,Saturday,2017,1
20170212,2017-02-12 00:00:00,2017,1,2,12,Sunday,2017,1
20170213,2017-02-13 00:00:00,2017,1,2,13,Monday,2017,1
20170214,2017-02-14 00:00:00,2017,1,2,14,Tuesday,2017,1
20170215,2017-02-15 00:00:00,2017,1,2,15,Wednesday,2017,1
20170216,2017-02-16 00:00:00,2017,1,2,16,Thursday,2017,1
20170217,2017-02-17 00:00:00,2017,1,2,17,Friday,2017,1
20170218,2017-02-18 00:00:00,2017,1,2,18,Saturday,2017,1
20170219,2017-02-19 00:00:00,2017,1,2,19,Sunday,2017,1
20170220,2017-02-20 00:00:00,2017,1,2,20,Monday,2017,1
20170221,2017-02-21 00:00:00,2017,1,2,21,Tuesday,2017,1
20170222,2017-02-22 00:00:00,2017,1,2,22,Wednesday,2017,1
20170223,2017-02-23 00:00:00,2017,1,2,23,Thursday,2017,1
20170224,2017-02-24 00:00:00,2017,1,2,24,Friday,2017,1
20170225,2017-02-25 00:00:00,2017,1,2,25,Saturday,2017,1
20170226,2017-02-26 00:00:00,2017,1,2,26,Sunday,2017,1
20170227,2017-02-27 00:00:00,2017,1,2,27,Monday,2017,1
20170228,2017-02-28 00:00:00,2017,1,2,28,Tuesday,2017,1
20170301,2017-03-01 00:00:00,2017,1,3,1,Wednesday,2017,1
20170302,2017-03-02 00:00:00,2017,1,3,2,Thursday,2017,1
20170303,2017-03-03 00:00:00,2017,1,3,3,Friday,2017,1
20170304,2017-03-04 00:00:00,2017,1,3,4,Saturday,2017,1
20170305,2017-03-05 00:00:00,2017,1,3,5,Sunday,2017,1
20170306,2017-03-06 00:00:00,2017,1,3,6,Monday,2017,1
20170307,2017-03-07 00:00:00,2017,1,3,7,Tuesday,2017,1
20170308,2017-03-08 00:00:00,2017,1,3,8,Wednesday,2017,1
20170309,2017-03-09 00:00:00,2017,1,3,9,Thursday,2017,1
20170310,2017-03-10 00:00:00,2017,1,3,10,Friday,2017,1
20170311,2017-03-11 00:00:00,2017,1,3,11,Saturday,2017,1
20170312,2017-03-12 00:00:00,2017,1,3,12,Sunday,2017,1
20170313,2017-03-13 00:00:00,2017,1,3,13,Monday,2017,1
20170314,2017-03-14 00:00:00,2017,1,3,14,Tuesday,2017,1
20170315,2017-03-15 00:00:00,2017,1,3,15,Wednesday,2017,1
20170316,2017-03-16 00:00:00,2017,1,3,16,Thursday,2017,1
20170317,2017-03-17 00:00:00,2017,1,3,17,Friday,2017,1
20170318,2017-03-18 00:00:00,2017,1,3,18,Saturday,2017,1
20170319,2017-03-19 00:00:00,2017,1,3,19,Sunday,2017,1
20170320,2017-03-20 00:00:00,2017,1,3,20,Monday,2017,1
20170321,2017-03-21 00:00:00,2017,1,3,21,Tuesday,2017,1
20170322,2017-03-22 00:00:00,2017,1,3,22,Wednesday,2017,1
20170323,2017-03-23 00:00:00,2017,1,3,23,Thursday,2017,1
20170324,2017-03-24 00:00:00,2017,1,3,24,Friday,2017,1
20170325,2017-03-25 00:00:00,2017,1,3,25,Saturday,2017,1
20170326,2017-03-26 00:00:00,2017,1,3,26,Sunday,2017,1
20170327,2017-03-27 00:00:00,2017,1,3,27,Monday,2017,1
20170328,2017-03-28 00:00:00,2017,1,3,28,Tuesday,2017,1
20170329,2017-03-29 00:00:00,2017,1,3,29,Wednesday,2017,1
20170330,2017-03-30 00:00:00,2017,1,3,30,Thursday,2017,1
20170331,2017-03-31 00:00:00,2017,1,3,31,Friday,2017,1
20170401,2017-04-01 00:00:00,2017,2,4,1,Saturday,2017,2
20170402,2017-04-02 00:00:00,2017,2,4,2,Sunday,2017,2
20170403,2017-04-03 00:00:00,2017,2,4,3,Monday,2017,2
20170404,2017-04-04 00:00:00,2017,2,4,4,Tuesday,2017,2
20170405,2017-04-05 00:00:00,2017,2,4,5,Wednesday,2017,2
20170406,2017-04-06 00:00:00,2017,2,4,6,Thursday,2017,2
20170407,2017-04-07 00:00:00,2017,2,4,7,Friday,2017,2
20170408,2017-04-08 00:00:00,2017,2,4,8,Saturday,2017,2
20170409,2017-04-09 00:00:00,2017,2,4,9,Sunday,2017,2
20170410,2017-04-10 00:00:00,2017,2,4,10,Monday,2017,2
20170411,2017-04-11 00:00:00,2017,2,4,11,Tuesday,2017,2
20170412,2017-04-12 00:00:00,2017,2,4,12,Wednesday,2017,2
20170413,2017-04-13 00:00:00,2017,2,4,13,Thursday,2017,2
20170414,2017-04-14 00:00:00,2017,2,4,14,Friday,2017,2
20170415,2017-04-15 00:00:00,2017,2,4,15,Saturday,2017,2
20170416,2017-04-16 00:00:00,2017,2,4,16,Sunday,2017,2
20170417,2017-04-17 00:00:00,2017,2,4,17,Monday,2017,2
20170418,2017-04-18 00:00:00,2017,2,4,18,Tuesday,2017,2
20170419,2017-04-19 00:00:00,2017,2,4,19,Wednesday,2017,2
20170420,2017-04-20 00:00:00,2017,2,4,20,Thursday,2017,2
20170421,2017-04-21 00:00:00,2017,2,4,21,Friday,2017,2
20170422,2017-04-22 00:00:00,2017,2,4,22,Saturday,2017,2
20170423,2017-04-23 00:00:00,2017,2,4,23,Sunday,2017,2
20170424,2017-04-24 00:00:00,2017,2,4,24,Monday,2017,2
20170425,2017-04-25 00:00:00,2017,2,4,25,Tuesday,2017,2
20170426,2017-04-26 00:00:00,2017,2,4,26,Wednesday,2017,2
20170427,2017-04-27 00:00:00,2017,2,4,27,Thursday,2017,2
20170428,2017-04-28 00:00:00,2017,2,4,28,Friday,2017,2
20170429,2017-04-29 00:00:00,2017,2,4,29,Saturday,2017,2
20170430,2017-04-30 00:00:00,2017,2,4,30,Sunday,2017,2
20170501,2017-05-01 00:00:00,2017,2,5,1,Monday,2017,2
20170502,2017-05-02 00:00:00,2017,2,5,2,Tuesday,2017,2
20170503,2017-05-03 00:00:00,2017,2,5,3,Wednesday,2017,2
20170504,2017-05-04 00:00:00,2017,2,5,4,Thursday,2017,2
20170505,2017-05-05 00:00:00,2017,2,5,5,Friday,2017,2
20170506,2017-05-06 00:00:00,2017,2,5,6,Saturday,2017,2
20170507,2017-05-07 00:00:00,2017,2,5,7,Sunday,2017,2
20170508,2017-05-08 00:00:00,2017,2,5,8,Monday,2017,2
20170509,2017-05-09 00:00:00,2017,2,5,9,Tuesday,2017,2
20170510,2017-05-10 00:00:00,2017,2,5,10,Wednesday,2017,2
20170511,2017-05-11 00:00:00,2017,2,5,11,Thursday,2017,2
20170512,2017-05-12 00:00:00,2017,2,5,12,Friday,2017,2
20170513,2017-05-13 00:00:00,2017,2,5,13,Saturday,2017,2
20170514,2017-05-14 00:00:00,2017,2,5,14,Sunday,2017,2
20170515,2017-05-15 00:00:00,2017,2,5,15,Monday,2017,2
20170516,2017-05-16 00:00:00,2017,2,5,16,Tuesday,2017,2
20170517,2017-05-17 00:00:00,2017,2,5,17,Wednesday,2017,2
20170518,2017-05-18 00:00:00,2017,2,5,18,Thursday,2017,2
20170519,2017-05-19 00:00:00,2017,2,5,19,Friday,2017,2
20170520,2017-05-20 00:00:00,2017,2,5,20,Saturday,2017,2
20170521,2017-05-21 00:00:00,2017,2,5,21,Sunday,2017,2
20170522,2017-05-22 00:00:00,2017,2,5,22,Monday,2017,2
20170523,2017-05-23 00:00:00,2017,2,5,23,Tuesday,2017,2
20170524,2017-05-24 00:00:00,2017,2,5,24,Wednesday,2017,2
20170525,2017-05-25 00:00:00,2017,2,5,25,Thursday,2017,2
20170526,2017-05-26 00:00:00,2017,2,5,26,Friday,2017,2
20170527,2017-05-27 00:00:00,2017,2,5,27,Saturday,2017,2
20170528,2017-05-28 00:00:00,2017,2,5,28,Sunday,2017,2
20170529,2017-05-29 00:00:00,2017,2,5,29,Monday,2017,2
20170530,2017-05-30 00:00:00,2017,2,5,30,Tuesday,2017,2
20170531,2017-05-31 00:00:00,2017,2,5,31,Wednesday,2017,2
20170601,2017-06-01 00:00:00,2017,2,6,1,Thursday,2017,2
20170602,2017-06-02 00:00:00,2017,2,6,2,Friday,2017,2
20170603,2017-06-03 00:00:00,2017,2,6,3,Saturday,2017,2
20170604,2017-06-04 00:00:00,2017,2,6,4,Sunday,2017,2
20170605,2017-06-05 00:00:00,2017,2,6,5,Monday,2017,2
20170606,2017-06-06 00:00:00,2017,2,6,6,Tuesday,2017,2
20170607,2017-06-07 00:00:00,2017,2,6,7,Wednesday,2017,2
20170608,2017-06-08 00:00:00,2017,2,6,8,Thursday,2017,2
20170609,2017-06-09 00:00:00,2017,2,6,9,Friday,2017,2
20170610,2017-06-10 00:00:00,2017,2,6,10,Saturday,2017,2
20170611,2017-06-11 00:00:00,2017,2,6,11,Sunday,2017,2
20170612,2017-06-12 00:00:00,2017,2,6,12,Monday,2017,2
20170613,2017-06-13 00:00:00,2017,2,6,13,Tuesday,2017,2
20170614,2017-06-14 00:00:00,2017,2,6,14,Wednesday,2017,2
20170615,2017-06-15 00:00:00,2017,2,6,15,Thursday,2017,2
20170616,2017-06-16 00:00:00,2017,2,6,16,Friday,2017,2
20170617,2017-06-17 00:00:00,2017,2,6,17,Saturday,2017,2
20170618,2017-06-18 00:00:00,2017,2,6,18,Sunday,2017,2
20170619,2017-06-19 00:00:00,2017,2,6,19,Monday,2017,2
20170620,2017-06-20 00:00:00,2017,2,6,20,Tuesday,2017,2
20170621,2017-06-21 00:00:00,2017,2,6,21,Wednesday,2017,2
20170622,2017-06-22 00:00:00,2017,2,6,22,Thursday,2017,2
20170623,2017-06-23 00:00:00,2017,2,6,23,Friday,2017,2
20170624,2017-06-24 00:00:00,2017,2,6,24,Saturday,2017,2
20170625,2017-06-25 00:00:00,2017,2,6,25,Sunday,2017,2
20170626,2017-06-26 00:00:00,2017,2,6,26,Monday,2017,2
20170627,2017-06-27 00:00:00,2017,2,6,27,Tuesday,2017,2
20170628,2017-06-28 00:00:00,2017,2,6,28,Wednesday,2017,2
20170629,2017-06-29 00:00:00,2017,2,6,29,Thursday,2017,2
20170630,2017-06-30 00:00:00,2017,2,6,30,Friday,2017,2
20170701,2017-07-01 00:00:00,2017,3,7,1,Saturday,2017,3
20170702,2017-07-02 00:00:00,2017,3,7,2,Sunday,2017,3
20170703,2017-07-03 00:00:00,2017,3,7,3,Monday,2017,3
20170704,2017-07-04 00:00:00,2017,3,7,4,Tuesday,2017,3
20170705,2017-07-05 00:00:00,2017,3,7,5,Wednesday,2017,3
20170706,2017-07-06 00:00:00,2017,3,7,6,Thursday,2017,3
20170707,2017-07-07 00:00:00,2017,3,7,7,Friday,2017,3
20170708,2017-07-08 00:00:00,2017,3,7,8,Saturday,2017,3
20170709,2017-07-09 00:00:00,2017,3,7,9,Sunday,2017,3
20170710,2017-07-10 00:00:00,2017,3,7,10,Monday,2017,3
20170711,2017-07-11 00:00:00,2017,3,7,11,Tuesday,2017,3
20170712,2017-07-12 00:00:00,2017,3,7,12,Wednesday,2017,3
20170713,2017-07-13 00:00:00,2017,3,7,13,Thursday,2017,3
20170714,2017-07-14 00:00:00,2017,3,7,14,Friday,2017,3
20170715,2017-07-15 00:00:00,2017,3,7,15,Saturday,2017,3
20170716,2017-07-16 00:00:00,2017,3,7,16,Sunday,2017,3
20170717,2017-07-17 00:00:00,2017,3,7,17,Monday,2017,3
20170718,2017-07-18 00:00:00,2017,3,7,18,Tuesday,2017,3
20170719,2017-07-19 00:00:00,2017,3,7,19,Wednesday,2017,3
20170720,2017-07-20 00:00:00,2017,3,7,20,Thursday,2017,3
20170721,2017-07-21 00:00:00,2017,3,7,21,Friday,2017,3
20170722,2017-07-22 00:00:00,2017,3,7,22,Saturday,2017,3
20170723,2017-07-23 00:00:00,2017,3,7,23,Sunday,2017,3
20170724,2017-07-24 00:00:00,2017,3,7,24,Monday,2017,3
20170725,2017-07-25 00:00:00,2017,3,7,25,Tuesday,2017,3
20170726,2017-07-26 00:00:00,2017,3,7,26,Wednesday,2017,3
20170727,2017-07-27 00:00:00,2017,3,7,27,Thursday,2017,3
20170728,2017-07-28 00:00:00,2017,3,7,28,Friday,2017,3
20170729,2017-07-29 00:00:00,2017,3,7,29,Saturday,2017,3
20170730,2017-07-30 00:00:00,2017,3,7,30,Sunday,2017,3
20170731,2017-07-31 00:00:00,2017,3,7,31,Monday,2017,3
20170801,2017-08-01 00:00:00,2017,3,8,1,Tuesday,2017,3
20170802,2017-08-02 00:00:00,2017,3,8,2,Wednesday,2017,3
20170803,2017-08-03 00:00:00,2017,3,8,3,Thursday,2017,3
20170804,2017-08-04 00:00:00,2017,3,8,4,Friday,2017,3
20170805,2017-08-05 00:00:00,2017,3,8,5,Saturday,2017,3
20170806,2017-08-06 00:00:00,2017,3,8,6,Sunday,2017,3
20170807,2017-08-07 00:00:00,2017,3,8,7,Monday,2017,3
20170808,2017-08-08 00:00:00,2017,3,8,8,Tuesday,2017,3
20170809,2017-08-09 00:00:00,2017,3,8,9,Wednesday,2017,3
20170810,2017-08-10 00:00:00,2017,3,8,10,Thursday,2017,3
20170811,2017-08-11 00:00:00,2017,3,8,11,Friday,2017,3
20170812,2017-08-12 00:00:00,2017,3,8,12,Saturday,2017,3
20170813,2017-08-13 00:00:00,2017,3,8,13,Sunday,2017,3
20170814,2017-08-14 00:00:00,2017,3,8,14,Monday,2017,3
20170815,2017-08-15 00:00:00,2017,3,8,15,Tuesday,2017,3
20170816,2017-08-16 00:00:00,2017,3,8,16,Wednesday,2017,3
20170817,2017-08-17 00:00:00,2017,3,8,17,Thursday,2017,3
20170818,2017-08-18 00:00:00,2017,3,8,18,Friday,2017,3
20170819,2017-08-19 00:00:00,2017,3,8,19,Saturday,2017,3
20170820,2017-08-20 00:00:00,2017,3,8,20,Sunday,2017,3
20170821,2017-08-21 00:00:00,2017,3,8,21,Monday,2017,3
20170822,2017-08-22 00:00:00,2017,3,8,22,Tuesday,2017,3
20170823,2017-08-23 00:00:00,2017,3,8,23,Wednesday,2017,3
20170824,2017-08-24 00:00:00,2017,3,8,24,Thursday,2017,3
20170825,2017-08-25 00:00:00,2017,3,8,25,Friday,2017,3
20170826,2017-08-26 00:00:00,2017,3,8,26,Saturday,2017,3
20170827,2017-08-27 00:00:00,2017,3,8,27,Sunday,2017,3
20170828,2017-08-28 00:00:00,2017,3,8,28,Monday,2017,3
20170829,2017-08-29 00:00:00,2017,3,8,29,Tuesday,2017,3
20170830,2017-08-30 00:00:00,2017,3,8,30,Wednesday,2017,3
20170831,2017-08-31 00:00:00,2017,3,8,31,Thursday,2017,3
20170901,2017-09-01 00:00:00,2017,3,9,1,Friday,2017,3
20170902,2017-09-02 00:00:00,2017,3,9,2,Saturday,2017,3
20170903,2017-09-03 00:00:00,2017,3,9,3,Sunday,2017,3
20170904,2017-09-04 00:00:00,2017,3,9,4,Monday,2017,3
20170905,2017-09-05 00:00:00,2017,3,9,5,Tuesday,2017,3
20170906,2017-09-06 00:00:00,2017,3,9,6,Wednesday,2017,3
20170907,2017-09-07 00:00:00,2017,3,9,7,Thursday,2017,3
20170908,2017-09-08 00:00:00,2017,3,9,8,Friday,2017,3
20170909,2017-09-09 00:00:00,2017,3,9,9,Saturday,2017,3
20170910,2017-09-10 00:00:00,2017,3,9,10,Sunday,2017,3
20170911,2017-09-11 00:00:00,2017,3,9,11,Monday,2017,3
20170912,2017-09-12 00:00:00,2017,3,9,12,Tuesday,2017,3
20170913,2017-09-13 00:00:00,2017,3,9,13,Wednesday,2017,3
20170914,2017-09-14 00:00:00,2017,3,9,14,Thursday,2017,3
20170915,2017-09-15 00:00:00,2017,3,9,15,Friday,2017,3
20170916,2017-09-16 00:00:00,2017,3,9,16,Saturday,2017,3
20170917,2017-09-17 00:00:00,2017,3,9,17,Sunday,2017,3
20170918,2017-09-18 00:00:00,2017,3,9,18,Monday,2017,3
20170919,2017-09-19 00:00:00,2017,3,9,19,Tuesday,2017,3
20170920,2017-09-20 00:00:00,2017,3,9,20,Wednesday,2017,3
20170921,2017-09-21 00:00:00,2017,3,9,21,Thursday,2017,3
20170922,2017-09-22 00:00:00,2017,3,9,22,Friday,2017,3
20170923,2017-09-23 00:00:00,2017,3,9,23,Saturday,2017,3
20170924,2017-09-24 00:00:00,2017,3,9,24,Sunday,2017,3
20170925,2017-09-25 00:00:00,2017,3,9,25,Monday,2017,3
20170926,2017-09-26 00:00:00,2017,3,9,26,Tuesday,2017,3
20170927,2017-09-27 00:00:00,2017,3,9,27,Wednesday,2017,3
20170928,2017-09-28 00:00:00,2017,3,9,28,Thursday,2017,3
20170929,2017-09-29 00:00:00,2017,3,9,29,Friday,2017,3
20170930,2017-09-30 00:00:00,2017,3,9,30,Saturday,2017,3
20171001,2017-10-01 00:00:00,2017,4,10,1,Sunday,2017,4
20171002,2017-10-02 00:00:00,2017,4,10,2,Monday,2017,4
20171003,2017-10-03 00:00:00,2017,4,10,3,Tuesday,2017,4
20171004,2017-10-04 00:00:00,2017,4,10,4,Wednesday,2017,4
20171005,2017-10-05 00:00:00,2017,4,10,5,Thursday,2017,4
20171006,2017-10-06 00:00:00,2017,4,10,6,Friday,2017,4
20171007,2017-10-07 00:00:00,2017,4,10,7,Saturday,2017,4
20171008,2017-10-08 00:00:00,2017,4,10,8,Sunday,2017,4
20171009,2017-10-09 00:00:00,2017,4,10,9,Monday,2017,4
20171010,2017-10-10 00:00:00,2017,4,10,10,Tuesday,2017,4
20171011,2017-10-11 00:00:00,2017,4,10,11,Wednesday,2017,4
20171012,2017-10-12 00:00:00,2017,4,10,12,Thursday,2017,4
20171013,2017-10-13 00:00:00,2017,4,10,13,Friday,2017,4
20171014,2017-10-14 00:00:00,2017,4,10,14,Saturday,2017,4
20171015,2017-10-15 00:00:00,2017,4,10,15,Sunday,2017,4
20171016,2017-10-16 00:00:00,2017,4,10,16,Monday,2017,4
20171017,2017-10-17 00:00:00,2017,4,10,17,Tuesday,2017,4
20171018,2017-10-18 00:00:00,2017,4,10,18,Wednesday,2017,4
20171019,2017-10-19 00:00:00,2017,4,10,19,Thursday,2017,4
20171020,2017-10-20 00:00:00,2017,4,10,20,Friday,2017,4
20171021,2017-10-21 00:00:00,2017,4,10,21,Saturday,2017,4
20171022,2017-10-22 00:00:00,2017,4,10,22,Sunday,2017,4
20171023,2017-10-23 00:00:00,2017,4,10,23,Monday,2017,4
20171024,2017-10-24 00:00:00,2017,4,10,24,Tuesday,2017,4
20171025,2017-10-25 00:00:00,2017,4,10,25,Wednesday,2017,4
20171026,2017-10-26 00:00:00,2017,4,10,26,Thursday,2017,4
20171027,2017-10-27 00:00:00,2017,4,10,27,Friday,2017,4
20171028,2017-10-28 00:00:00,2017,4,10,28,Saturday,2017,4
20171029,2017-10-29 00:00:00,2017,4,10,29,Sunday,2017,4
20171030,2017-10-30 00:00:00,2017,4,10,30,Monday,2017,4
20171031,2017-10-31 00:00:00,2017,4,10,31,Tuesday,2017,4
20171101,2017-11-01 00:00:00,2017,4,11,1,Wednesday,2017,4
20171102,2017-11-02 00:00:00,2017,4,11,2,Thursday,2017,4
20171103,2017-11-03 00:00:00,2017,4,11,3,Friday,2017,4
20171104,2017-11-04 00:00:00,2017,4,11,4,Saturday,2017,4
20171105,2017-11-05 00:00:00,2017,4,11,5,Sunday,2017,4
20171106,2017-11-06 00:00:00,2017,4,11,6,Monday,2017,4
20171107,2017-11-07 00:00:00,2017,4,11,7,Tuesday,2017,4
20171108,2017-11-08 00:00:00,2017,4,11,8,Wednesday,2017,4
20171109,2017-11-09 00:00:00,2017,4,11,9,Thursday,2017,4
20171110,2017-11-10 00:00:00,2017,4,11,10,Friday,2017,4
20171111,2017-11-11 00:00:00,2017,4,11,11,Saturday,2017,4
20171112,2017-11-12 00:00:00,2017,4,11,12,Sunday,2017,4
20171113,2017-11-13 00:00:00,2017,4,11,13,Monday,2017,4
20171114,2017-11-14 00:00:00,2017,4,11,14,Tuesday,2017,4
20171115,2017-11-15 00:00:00,2017,4,11,15,Wednesday,2017,4
20171116,2017-11-16 00:00:00,2017,4,11,16,Thursday,2017,4
20171117,2017-11-17 00:00:00,2017,4,11,17,Friday,2017,4
20171118,2017-11-18 00:00:00,2017,4,11,18,Saturday,2017,4
20171119,2017-11-19 00:00:00,2017,4,11,19,Sunday,2017,4
20171120,2017-11-20 00:00:00,2017,4,11,20,Monday,2017,4
20171121,2017-11-21 00:00:00,2017,4,11,21,Tuesday,2017,4
20171122,2017-11-22 00:00:00,2017,4,11,22,Wednesday,2017,4
20171123,2017-11-23 00:00:00,2017,4,11,23,Thursday,2017,4
20171124,2017-11-24 00:00:00,2017,4,11,24,Friday,2017,4
20171125,2017-11-25 00:00:00,2017,4,11,25,Saturday,2017,4
20171126,2017-11-26 00:00:00,2017,4,11,26,Sunday,2017,4
20171127,2017-11-27 00:00:00,2017,4,11,27,Monday,2017,4
20171128,2017-11-28 00:00:00,2017,4,11,28,Tuesday,2017,4
20171129,2017-11-29 00:00:00,2017,4,11,29,Wednesday,2017,4
20171130,2017-11-30 00:00:00,2017,4,11,30,Thursday,2017,4
20171201,2017-12-01 00:00:00,2017,4,12,1,Friday,2017,4
20171202,2017-12-02 00:00:00,2017,4,12,2,Saturday,2017,4
20171203,2017-12-03 00:00:00,2017,4,12,3,Sunday,2017,4
20171204,2017-12-04 00:00:00,2017,4,12,4,Monday,2017,4
20171205,2017-12-05 00:00:00,2017,4,12,5,Tuesday,2017,4
20171206,2017-12-06 00:00:00,2017,4,12,6,Wednesday,2017,4
20171207,2017-12-07 00:00:00,2017,4,12,7,Thursday,2017,4
20171208,2017-12-08 00:00:00,2017,4,12,8,Friday,2017,4
20171209,2017-12-09 00:00:00,2017,4,12,9,Saturday,2017,4
20171210,2017-12-10 00:00:00,2017,4,12,10,Sunday,2017,4
20171211,2017-12-11 00:00:00,2017,4,12,11,Monday,2017,4
20171212,2017-12-12 00:00:00,2017,4,12,12,Tuesday,2017,4
20171213,2017-12-13 00:00:00,2017,4,12,13,Wednesday,2017,4
20171214,2017-12-14 00:00:00,2017,4,12,14,Thursday,2017,4
20171215,2017-12-15 00:00:00,2017,4,12,15,Friday,2017,4
20171216,2017-12-16 00:00:00,2017,4,12,16,Saturday,2017,4
20171217,2017-12-17 00:00:00,2017,4,12,17,Sunday,2017,4
20171218,2017-12-18 00:00:00,2017,4,12,18,Monday,2017,4
20171219,2017-12-19 00:00:00,2017,4,12,19,Tuesday,2017,4
20171220,2017-12-20 00:00:00,2017,4,12,20,Wednesday,2017,4
20171221,2017-12-21 00:00:00,2017,4,12,21,Thursday,2017,4
20171222,2017-12-22 00:00:00,2017,4,12,22,Friday,2017,4
20171223,2017-12-23 00:00:00,2017,4,12,23,Saturday,2017,4
20171224,2017-12-24 00:00:00,2017,4,12,24,Sunday,2017,4
20171225,2017-12-25 00:00:00,2017,4,12,25,Monday,2017,4
20171226,2017-12-26 00:00:00,2017,4,12,26,Tuesday,2017,4
20171227,2017-12-27 00:00:00,2017,4,12,27,Wednesday,2017,4
20171228,2017-12-28 00:00:00,2017,4,12,28,Thursday,2017,4
20171229,2017-12-29 00:00:00,2017,4,12,29,Friday,2017,4
20171230,2017-12-30 00:00:00,2017,4,12,30,Saturday,2017,4
20171231,2017-12-31 00:00:00,2017,4,12,31,Sunday,2017,4
20180101,2018-01-01 00:00:00,2018,1,1,1,Monday,2018,1
20180102,2018-01-02 00:00:00,2018,1,1,2,Tuesday,2018,1
20180103,2018-01-03 00:00:00,2018,1,1,3,Wednesday,2018,1
20180104,2018-01-04 00:00:00,2018,1,1,4,Thursday,2018,1
20180105,2018-01-05 00:00:00,2018,1,1,5,Friday,2018,1
